{"homography_left": [[-0.013368065434659833, -0.001806167159287578, -4.11671936754336], [0.012793883081512025, -0.021826233947411733, -11.313596939426686], [1.3204959981511985e-05, 1.6205741835118546e-06, -0.03504157761620128]], "homography_right": [[0.6121743866259051, 0.08776394167506338, 216.04440362330274], [-0.519618009346076, 0.935729726609811, 420.3995635701108], [-0.0005245898664270268, -7.520744978271297e-05, 1.4318540676710128]], "croping": [259, 323, 1439, 1305]}