{"homography_left": [[0.028804022118030924, -0.0029614703499440376, -1.985887122131352], [0.0007262538478747462, 0.02945837500986946, -0.7286784070076386], [1.6317538627210935e-06, 2.824192866496115e-08, 0.027677161771519094]], "homography_right": [[1.1058980389833593, 0.0019974386200561083, -77.32520492284903], [0.07761858664503647, 1.0001418233972161, -55.961967018922905], [0.00014708287514218898, 2.6565651154239867e-07, 0.893956875381391]], "croping": [0, 51, 1206, 1027]}