{"homography_left": [[-0.020389219202886156, 0.0015868135729311223, 0.06515223403760284], [0.0014475361089176437, -0.023326423473686998, -1.1725832157637053], [4.084630302154054e-06, 7.731150864912818e-07, -0.027267483586482216]], "homography_right": [[0.9443320817609653, -0.02981046078859075, 56.178549957943915], [-0.009825465422065242, 1.0008083061371602, 6.637849789820507], [-7.662503914149951e-05, 2.4188818413246486e-06, 1.0538638319875644]], "croping": [54, 44, 1342, 996]}