{"homography_left": [[-0.022006196998115887, -0.002484601666642916, 2.676796543404346], [0.002349905352925204, -0.02474241470421333, -1.9974370433773794], [2.870965009328602e-06, -2.683868848946634e-07, -0.02693196546560258]], "homography_right": [[0.9569850500664902, 0.009736667855758545, 23.960363095980938], [-0.053136984567266975, 0.9995111245616078, 38.61061920407451], [-5.96711050046015e-05, -6.071126502713175e-07, 1.0434003167115085]], "croping": [37, 75, 1271, 1377]}