{"homography_left": [[-0.006044306940372831, 0.0002502699961161955, -4.7574341449944795], [0.004569025874458982, -0.014312258342986592, -3.6114205320914112], [1.0767696536584663e-05, -4.647136475040888e-07, -0.022654946508105653]], "homography_right": [[0.5559836282842987, -0.04919278069968918, 346.25588921313704], [-0.24195919347790842, 1.025314887045986, 160.54058029926148], [-0.0006112846572398983, 5.408575101659373e-05, 1.410918647663766]], "croping": [246, 160, 1440, 822]}