{"homography_left": [[0.06815254887260433, -0.0011905220910982993, -6.258272441347771], [0.007474889197116311, 0.06132718834142172, -5.167207263021936], [1.0616177572435483e-05, -7.06533912951424e-07, 0.05427960871353172]], "homography_right": [[1.1380718025512615, 0.002405713362629014, -101.14381145800121], [0.13596019119942415, 1.000289633662893, -98.09987390086849], [0.0001917694954516816, 4.053719956144458e-07, 0.8616340954379469]], "croping": [0, 86, 1314, 1350]}