{"homography_left": [[-0.06301015558046416, 4.716668004741721e-05, 11.233466474181057], [-0.007150517484666878, -0.057602524266409244, 6.492988692785566], [-1.087873221032983e-05, -3.6221535394741038e-06, -0.046200379022370563]], "homography_right": [[1.1518587729825494, -0.03325967693331647, -91.37809100344475], [0.1430692993423146, 0.99628569423977, -101.00417041594221], [0.00021149359604402475, -6.106832576076729e-06, 0.8510223004393835]], "croping": [0, 91, 1206, 1003]}