{"homography_left": [[0.04406727847518676, 0.0007742406418219489, -7.6645327620801424], [0.002224997732919694, 0.039179816379831776, -1.7602131761625373], [6.995848689019408e-06, 1.762558492345999e-07, 0.03327615004945115]], "homography_right": [[1.1711361963071991, 0.04294995974501678, -146.41103960349255], [0.09220688506420405, 1.0040538286599099, -68.57802472257833], [0.00023862222333707094, 8.751172510003481e-06, 0.823466366041907]], "croping": [0, 56, 1286, 976]}