{"homography_left": [[-0.03335216784569593, -0.003555339432100322, 15.224381423903747], [-0.008206535531649583, -0.019894887990482644, 7.2856644789574645], [-1.9923194220590273e-05, -1.991338099147273e-06, -0.001691575584827277]], "homography_right": [[1.7640109543650149, 0.2282384341504176, -673.3366415840362], [0.45089179629110787, 1.0666747501533758, -360.64645841242054], [0.0010726078907046964, 0.0001387805131402632, 0.15278084159687655]], "croping": [0, 171, 1078, 779]}