{"homography_left": [[0.03712415775778819, -0.0020591867620020207, -3.6512776165624103], [0.0010615268095584714, 0.035675603975713545, -1.0045233667793667], [1.1002426194777848e-06, -4.801445449890919e-07, 0.03517234443680507]], "homography_right": [[1.0800940846832159, -0.014572062058977426, -49.79882746006774], [0.07362905870261646, 0.9990976412187608, -52.525648524014514], [0.00011136816973083073, -1.502520848624378e-06, 0.9206262790520591]], "croping": [0, 50, 1312, 1048]}