{"homography_left": [[0.07950724029487187, 0.00045624379308301316, -15.623494590573998], [0.006495286678829475, 0.07086280935069926, -5.81192407891001], [1.2801285079078076e-05, 1.884303426423592e-07, 0.05905286176601995]], "homography_right": [[1.1804767367423366, 0.005120062130130125, -132.70808400475244], [0.13102736438388443, 1.0005777087791194, -94.65166509712128], [0.00025067519808775806, 1.087249370312786e-06, 0.8189267427168453]], "croping": [0, 80, 1274, 994]}