{"homography_left": [[0.1677171385138437, -0.0035245564545717946, -5.532890344283203], [0.009412432147947923, 0.16312161610234008, -6.790086609916671], [9.281243602784437e-06, -1.3384389490846875e-07, 0.15646354091628503]], "homography_right": [[1.048288541165588, -0.01937582872731966, -20.817152955553183], [0.06693945437938803, 0.9989335397181892, -47.428555750255555], [6.730460215240773e-05, -1.2440109689794361e-06, 0.9524363743479316]], "croping": [0, 47, 1360, 1419]}