{"homography_left": [[0.06079132245112439, -0.0006117437807801724, -11.238296044126926], [0.004785760549582732, 0.053426768700321696, -4.165373216514837], [9.573292306669617e-06, 4.1098082657989874e-07, 0.04523866672941531]], "homography_right": [[1.1829564457018722, 0.009877872793457771, -137.0626922138149], [0.12889361329449361, 1.0011111439473352, -93.40341930359625], [0.00025415459228488935, 2.1222309084876967e-06, 0.8158626888642964]], "croping": [0, 79, 1270, 989]}