{"homography_left": [[-0.39919123394351147, -0.06490458067192253, 167.58492931439713], [-0.05926202377567197, -0.29512637204837944, 57.382551065192644], [-0.00015835301275134465, -2.57859576564838e-05, -0.13309992599879364]], "homography_right": [[1.4722355491259043, 0.13374858497130085, -412.23383125515363], [0.2667779090381478, 1.0283541795537494, -207.39135146649107], [0.0006615788800704369, 6.010263718251766e-05, 0.4912077822707258]], "croping": [0, 123, 1126, 853]}