{"homography_left": [[0.07756285591780517, 0.004726423197069169, -7.509642043444529], [-0.0027991013069922754, 0.07498707069772886, 2.377674335962439], [3.7917672409341338e-06, -1.5633207522360493e-07, 0.07256076118226788]], "homography_right": [[1.044030485094659, 0.0758407562803401, -86.30729378999922], [-0.025792834353663932, 1.0007613286348378, 18.022684117554718], [6.480352665728969e-05, 4.707476018649421e-06, 0.9499520780733238]], "croping": [24, 33, 1334, 1353]}