{"homography_left": [[-0.05322786409432152, -0.0006351091878339733, -6.234525486370028], [0.01249721042742255, -0.06460651927446881, -9.79160705997069], [1.5982734781862576e-05, 2.0778407393919106e-07, -0.07703083736383522]], "homography_right": [[0.8310143223914885, 0.011707071332714154, 113.24059651857408], [-0.182972752156508, 0.9975215633389922, 133.5248559486114], [-0.00023456452900784554, -3.3044721363125717e-06, 1.1712656808237938]], "croping": [112, 128, 1440, 1340]}