{"homography_left": [[0.46033095725429596, 0.010963760631461554, -101.34826761122548], [0.10646066141581437, 0.36035679488670946, -83.25093848048346], [0.00015473161599037624, 6.001706692846927e-06, 0.23320249648367278]], "homography_right": [[1.3391959928465358, 0.019655714216267654, -258.37322908521855], [0.3246280170493126, 1.0048723515538254, -237.24026539425927], [0.0004712551198321464, 6.916729147826167e-06, 0.6557162687344198]], "croping": [0, 173, 1230, 1247]}