{"homography_left": [[0.2335835683046023, -0.0011714887859824298, -35.75380075041099], [0.041681502690182115, 0.19411869214746819, -31.13219889665683], [5.5547846224231505e-05, 4.2461229792146614e-07, 0.15214450672802896]], "homography_right": [[1.2222603058710095, -0.010549110744471865, -152.432060491107], [0.23092804956837498, 0.9980441460314834, -164.85998083189793], [0.000308746596294048, -2.66473681640479e-06, 0.7796210611760969]], "croping": [0, 137, 1284, 1315]}