{"homography_left": [[-0.017779967599122485, 0.0004515804943603295, -4.694233221176118], [0.006693981725728715, -0.026004733112175556, -5.209415345602029], [1.1085540911303195e-05, -3.6814981902740353e-07, -0.03442074938391041]], "homography_right": [[0.7231885091838025, -0.03621978796029716, 225.38252071907596], [-0.22553889692061663, 1.0125491612875248, 153.35260965582597], [-0.00038272176179488616, 1.9168032793617024e-05, 1.2617586848809137]], "croping": [179, 152, 1439, 1220]}