{"homography_left": [[-0.09352623351508363, 8.125938425709029, -2721.4650264059574], [-0.01142272819108918, -0.02716742089322105, 11.570428508910323], [-3.2741721336062906e-05, -9.958459428761326e-06, 0.009110264804021845]], "homography_right": [[2.0643774256936673, 0.5981337662737352, -1089.3439802872574], [0.5496166941590348, 1.2003752053858312, -503.92663070285374], [0.001533168947228812, 0.0004442211512905714, -0.34376106370165305]], "croping": [3169, 1466, -121327, 674]}