{"homography_left": [[-0.027479446925592396, -1.4026344485699394e-05, 0.9896406127406453], [0.00209960671721481, -0.029965464510926382, -1.6428996648507792], [3.6145895665986623e-06, -1.514627221654673e-08, -0.033024097098764]], "homography_right": [[0.9683353481284122, 0.003935964583954298, 20.67312847220785], [-0.027806930797603616, 0.9998952347164222, 20.07756342740663], [-4.3967209998441746e-05, -1.787122423482977e-07, 1.0317528958097462]], "croping": [25, 50, 1385, 1028]}