{"homography_left": [[0.03343596498788994, 0.0007182473815163682, -2.832523134108186], [-0.001022453384872754, 0.03487420739224083, 0.8572187038872201], [-1.154529746920834e-06, 1.7958741555755915e-07, 0.03567322087275891]], "homography_right": [[1.0102117771256092, 0.004805096459025272, -10.812148980936854], [0.0054666191024792185, 1.0000373143002061, -3.962832049933695], [1.4198734990907903e-05, 6.753662229277948e-08, 0.9897282844384955]], "croping": [0, 25, 1332, 1421]}