{"homography_left": [[0.028041018724591544, -8.409931268414195e-05, -3.6963124758848878], [-0.0006168236483640408, 0.028274751105102892, 0.36476659855159], [-5.670243050917627e-07, -1.0880781282534603e-07, 0.02842309218734572]], "homography_right": [[1.0481450792312443, 0.0070438214699258045, -38.46812064025585], [0.029405622997465783, 1.0002201946075053, -21.290953646228218], [6.68995270882513e-05, 4.4958311074429414e-07, 0.9515895656166572]], "croping": [0, 21, 1328, 1049]}