{"homography_left": [[0.1525143129870447, 0.015511417911817586, -24.334406626846004], [0.00018410062790709392, 0.14046367456862033, -0.6073911596137691], [1.893088435678142e-05, 1.784753289759978e-06, 0.12446975415331221]], "homography_right": [[1.101794215102346, 0.10646101177594765, -149.94376335237166], [0.010252787027994897, 1.0056480394834242, -11.448595088221737], [0.00014781942668254486, 1.4283071656264252e-05, 0.8832862011960574]], "croping": [4, 4, 1286, 1298]}