{"homography_left": [[0.1750431397199388, -0.0028003451592790527, -45.638279751363015], [0.028522196929542026, 0.13380143253944243, -24.263504171003632], [5.700003230881727e-05, -4.7235134547875734e-07, 0.08705762219735237]], "homography_right": [[1.3591171226054723, 0.020188939369442896, -269.4663555354392], [0.2545677608759005, 1.003891785734481, -185.3903521272681], [0.0004989269884933323, 7.411286748533283e-06, 0.6367704734405928]], "croping": [0, 134, 1206, 928]}