{"homography_left": [[0.025136037217500132, -0.0006699615821208474, -2.4617567871657187], [8.020174206363636e-05, 0.024959969886050364, -0.06815232769098145], [6.94554332083481e-07, -1.7915400031903402e-07, 0.02432683362972679]], "homography_right": [[1.0864714552579604, 0.01034211359737365, -67.84418912831325], [0.05536900710927489, 1.0005723617440692, -40.17476046047523], [0.0001201621635945578, 1.1438227299824019e-06, 0.9128655779377279]], "croping": [0, 37, 1312, 1029]}