{"homography_left": [[0.024638670680786692, 0.0003046998503196969, -4.884807540053227], [0.0010791750164336322, 0.022823094293854783, -0.8871022409128315], [3.677445573658101e-06, -5.998204755412392e-07, 0.019948389303346206]], "homography_right": [[1.1835407609387267, 0.0400709110847791, -153.78763986166382], [0.1042476388812053, 1.004102469724216, -77.27363364554446], [0.00025571306994577684, 8.657628048979046e-06, 0.811211470492592]], "croping": [0, 62, 1210, 972]}