{"homography_left": [[-0.015366283240611203, 0.0019396822656715523, -8.369937576978835], [0.006699513980797954, -0.02796678658433878, -4.9489523825912345], [1.7082512674556206e-05, -1.20338032753495e-06, -0.04053865290210825]], "homography_right": [[0.6016050448473704, -0.057021713972264236, 317.63609325491586], [-0.20109010611002148, 1.02354168194889, 132.0723681468147], [-0.0005471293352562079, 5.1858362438981324e-05, 1.3659296056674197]], "croping": [233, 123, 1439, 839]}