{"homography_left": [[0.17546246153039852, 0.022101591032669385, -36.96725401893161], [0.0030435168421354478, 0.15534394283497016, -3.5559851403493496], [3.160211890991955e-05, 4.305942747634644e-06, 0.12700565880566708]], "homography_right": [[1.1485575668147305, 0.14774790670022797, -213.33994093077013], [0.029143627725544574, 1.0119888644040578, -29.61539433331359], [0.00021768072002530909, 2.800196667715283e-05, 0.8231084655742275]], "croping": [0, 11, 1250, 1247]}