{"homography_left": [[0.06851119795840174, -0.0009100598234219545, -6.470727164935326], [0.005213112185545392, 0.06537912407377601, -3.980983818932259], [5.053791353693506e-06, -3.586058154894477e-07, 0.061830920506130954]], "homography_right": [[1.0792497288604321, -0.02820529757478744, -36.75199052566427], [0.10571630287097983, 0.9975786311749468, -74.37235251306697], [0.00011054312707060948, -2.8889530481200484e-06, 0.9224889947038076]], "croping": [0, 72, 1324, 1404]}