{"homography_left": [[-0.04522183983577433, 0.005086143000240081, -7.089750115167116], [8.852723504855975e-05, -0.05237617949621427, -0.23678902686150538], [8.812106393084199e-06, -1.169666397449594e-06, -0.0580946397855391]], "homography_right": [[0.886517733386211, -0.10777063811045585, 159.30209140145632], [0.014503818646668498, 1.0055989018449973, -14.473958753999455], [-0.0001474638805017873, 1.7926631246527093e-05, 1.0932668194637873]], "croping": [146, 8, 1376, 1264]}