{"homography_left": [[0.08821824907452772, 0.00914255602710236, -9.54657746180014], [-0.007776447394599031, 0.08777652320431645, 6.301138028917947], [1.6199959992236677e-06, 1.0514015772158849e-06, 0.08622471725847104]], "homography_right": [[1.0130810605770668, 0.10033962573492851, -81.66289414463677], [-0.08061164698151432, 0.9969087872797475, 60.266058985272366], [2.4930730590787202e-05, 2.469239900065849e-06, 0.9802720212465859]], "croping": [64, 74, 1326, 1348]}