{"homography_left": [[-0.08200834771559738, 0.0006766160731414394, 0.16306918658302116], [0.006261366613429456, -0.08793596809191176, -4.692969847091945], [6.857651010824586e-06, -9.278883362227511e-07, -0.09223262779667818]], "homography_right": [[0.9546410876818249, 0.011678558602256186, 24.24985467546162], [-0.057516631503156425, 0.9993711987966926, 41.864711548653986], [-6.289457223317213e-05, -7.694179069670894e-07, 1.0458380729009003]], "croping": [40, 51, 1396, 1403]}