{"homography_left": [[-0.05577776488694754, 0.0033543169273082974, 16.895227288170783], [-0.01351702071760829, -0.039378012950087214, 11.33657814644178], [-2.2057550750048563e-05, 5.445793215032042e-07, -0.02101634067412829]], "homography_right": [[1.4561271300004277, -0.06224130229407747, -294.8012303615062], [0.3854849864848823, 0.9844357953793005, -269.14451977393753], [0.0006347769757904274, -2.713317046670278e-05, 0.5576124894829118]], "croping": [0, 195, 1144, 935]}