{"homography_left": [[-0.02349085525855899, 0.0020024275322079116, -9.473777657259877], [0.009263717292707828, -0.037142114014923865, -6.773631221767802], [1.7227602861056353e-05, -9.82289436216976e-07, -0.04919058827810613]], "homography_right": [[0.6698598672848528, -0.0608869005087213, 281.5394639211853], [-0.2355127958699859, 1.0255293828798862, 151.18805735287185], [-0.000452825841648431, 4.1159596678004264e-05, 1.2963996963787072]], "croping": [218, 138, 1440, 1190]}