{"homography_left": [[-0.032138627818295074, 0.002336622968313269, -1.6047640823496083], [0.003365393819838334, -0.038119325340681826, -2.417768820326952], [7.761205952536068e-06, -7.294119029816251e-07, -0.04330926310342113]], "homography_right": [[0.9005064954755723, -0.021164386749785602, 83.06409210247227], [-0.0509168017666561, 1.001472836999059, 35.86476529250058], [-0.00013780198480961605, 3.238726778820786e-06, 1.0974685166023603]], "croping": [76, 56, 1376, 988]}