{"homography_left": [[-0.030037218643017182, 0.0009210236283094296, 1.1144884254203165], [0.00293111427080127, -0.0327940508376322, -2.2085707474119984], [3.970215173702577e-06, 1.582675545587568e-07, -0.036264195039689306]], "homography_right": [[0.9521155349833269, 0.0005257450769698057, 34.09827835658632], [-0.04843649869635345, 0.9999734064877391, 34.89342639020231], [-6.650598966930273e-05, -3.6723690952330656e-08, 1.0479107536193837]], "croping": [34, 61, 1346, 1371]}