{"homography_left": [[-0.06107563458624122, 0.0017555661163463623, -6.317559677918799], [0.006888040444452093, -0.07112126663139257, -5.272168378830857], [1.304700329335742e-05, -8.074384890720591e-07, -0.08014736150439833]], "homography_right": [[0.8770919919956318, -0.03149226911372086, 111.16819952502408], [-0.08638183610492493, 1.0037459559172424, 59.497833735131394], [-0.00016981115912517798, 6.097124099281041e-06, 1.1178741052186458]], "croping": [100, 66, 1440, 1324]}