{"homography_left": [[0.10077990255376247, 0.006693770366973806, -9.493227515030526], [-0.0025815891816278174, 0.0979389350405124, 2.0379702096748815], [4.957332136208944e-06, 1.5686378956902315e-07, 0.09405094926403584]], "homography_right": [[1.04478769833413, 0.0651693073187981, -79.16904407010816], [-0.015527254907928265, 1.0009749494963238, 10.477659896355135], [6.489916753380275e-05, 4.048127481294247e-06, 0.9503579475891302]], "croping": [16, 22, 1340, 1360]}