{"homography_left": [[-0.04147157150345965, 0.0014087292590559033, -0.9031584407314894], [0.004727335394379524, -0.04454777403011564, -3.9096602082130145], [4.902658910573159e-06, 4.441116238236261e-07, -0.04899111345923349]], "homography_right": [[0.9415501515200424, 0.02574181867357251, 23.549781460597387], [-0.08540594015355599, 0.9980386796036528, 62.90442759593043], [-8.066156219694024e-05, -2.205273191925696e-06, 1.0596641214799836]], "croping": [58, 80, 1418, 1406]}