{"homography_left": [[0.05541875664942325, 2.86674955608298e-05, -7.372544539300321], [0.0021582192528890225, 0.053473762951596754, -2.4678955900552637], [3.0817820943152474e-06, 7.463699369386493e-07, 0.04973564197373192]], "homography_right": [[1.1019352369031425, -0.012498317444870935, -66.64427915003239], [0.08784108764779121, 0.9990680131352306, -62.742310199434314], [0.00014166604570675745, -1.6067978871232705e-06, 0.8988681179501812]], "croping": [0, 58, 1316, 1036]}