{"homography_left": [[0.9842913499112518, -0.015458190054062513, -250.641613011873], [0.1806616758371808, 0.7575938631003057, -152.62906499006237], [0.00032564739423473544, -5.470955726500748e-06, 0.49354358456310143]], "homography_right": [[1.360940114885676, -0.011453961747445994, -253.6917433740657], [0.2791475618349747, 0.9976860503824471, -199.7367117277032], [0.0005013549018390004, -4.219509591015945e-06, 0.6413030058550684]], "croping": [0, 149, 1202, 941]}