{"homography_left": [[0.12800667617009134, -0.003321177699300587, -17.424145204299563], [0.02548203245777883, 0.1038283124555352, -18.049010136893017], [3.2655348038857965e-05, -1.3685994148138637e-06, 0.08169327787172616]], "homography_right": [[1.2350448328357624, -0.0237748633292924, -152.11437804465868], [0.2544767033837828, 0.9952865398761502, -179.829535147152], [0.0003267084257042379, -6.2892034063345295e-06, 0.7692981599455095]], "croping": [0, 151, 1278, 1315]}