{"homography_left": [[0.047698300716777185, -0.0014406715881128433, -3.257488894543755], [-0.0009992117222696849, 0.0461712852013675, 0.9616609769193261], [3.062218947003613e-07, -9.094499554239139e-07, 0.047277110781788236]], "homography_right": [[1.0330876322110207, 0.02497989227534648, -37.312237020622206], [0.0008621040720324241, 1.0003131351197476, -0.7898078965272362], [4.63608838682732e-05, 1.1209986923769102e-06, 0.9660148243209598]], "croping": [0, 21, 1366, 1045]}