{"homography_left": [[0.02119855997762023, -0.0011508581275231368, -2.763877490192808], [0.00010340964846509396, 0.02085212915190213, -0.20463051557604572], [-3.4177992710651564e-08, 2.85209502922702e-07, 0.0203973664287854]], "homography_right": [[1.0860698286639114, -0.012129879125392722, -55.42014191030421], [0.07576704688786552, 0.9992161550498876, -54.128997486202366], [0.00011962804394300314, -1.3360777315956886e-06, 0.9145892903360994]], "croping": [0, 51, 1282, 1043]}