{"homography_left": [[0.03221039157338983, -0.00028821330588256266, -3.2570654997700146], [0.0004942691302463078, 0.03161706000990473, -0.3561963245386508], [6.890169247782357e-07, -2.2421193221285767e-08, 0.030986928385800326]], "homography_right": [[1.0651780668896875, -0.008871438626590941, -42.13763130221605], [0.05723786883008723, 0.99955797103031, -40.97256991403026], [9.057326089955539e-05, -7.543481698105869e-07, 0.9351946001640178]], "croping": [0, 39, 1338, 1051]}