{"homography_left": [[-0.028351201009351824, -0.0001623239573700985, 1.370469630440574], [0.002619531300881015, -0.030725429017649807, -2.064656807508765], [3.0775380096667597e-06, 2.2867533826458105e-07, -0.033067332339087194]], "homography_right": [[0.978805847592449, 0.028811356947188487, -0.2983430180451023], [-0.04499338119719369, 0.9991087323521226, 32.87651899183322], [-2.8835024841935557e-05, -8.487650491111162e-07, 1.0212195510127136]], "croping": [31, 63, 1377, 1069]}