{"homography_left": [[0.043327091745964504, -0.0003230384020157691, -8.695885614580689], [0.004317812980738399, 0.039089610176981, -3.733412201687919], [6.8392382797306025e-06, -6.113120432852249e-07, 0.033867879264440015]], "homography_right": [[1.191028125319822, -0.01966323611945758, -126.92210272576472], [0.15988049866853665, 0.9974967305592547, -113.76219354334387], [0.00026550608148655713, -4.3833631300857995e-06, 0.8112026374199253]], "croping": [0, 98, 1228, 1004]}