{"homography_left": [[-0.006892181445159362, 0.0017573470400252076, -9.033782706670857], [0.00800655672232059, -0.02023450960662232, -6.282343966885716], [1.8039990076463273e-05, -1.03612475108874e-06, -0.03387110550297164]], "homography_right": [[0.37024952171559755, -0.03685451016472238, 473.3217798537198], [-0.3695745254077306, 1.0417291818667402, 243.55990008552624], [-0.0008678234994048732, 8.638285292524791e-05, 1.5781861789918747]], "croping": [300, 186, 1440, 804]}