{"homography_left": [[-0.09924710053803516, -0.00253695954580258, -2.8895652132531104], [0.014072107799354429, -0.10921680444511145, -10.861561078899992], [1.3961148709796468e-05, 5.135340207788642e-07, -0.12059387613064283]], "homography_right": [[0.9161050851211363, 0.033379642650817984, 36.370996004192875], [-0.11964408172517724, 0.9963041793499132, 88.80472971019003], [-0.00011559967590495569, -4.2120450316543804e-06, 1.0862644390743592]], "croping": [79, 91, 1439, 1401]}