{"homography_left": [[0.021288960941471105, 9.48118056490635e-05, -2.311043995927804], [-0.0005224243940943488, 0.022069337109464907, 0.3150268318523679], [-1.0094371084568146e-06, -2.324080456200865e-07, 0.02303787135079608]], "homography_right": [[1.046413494625739, -0.00495711691652884, -30.74087299560665], [0.03955572806047165, 0.9998238355131174, -28.384995380622968], [6.44787710849589e-05, -3.0545172490972046e-07, 0.9537402287502809]], "croping": [0, 28, 1312, 1058]}