{"homography_left": [[0.08793392801050547, 0.006054537083551841, -8.087532895977915], [-0.0025668598791250673, 0.08621457798984412, 2.062197311584555], [3.0210273596141643e-06, 8.325556163364629e-07, 0.08343747469401946]], "homography_right": [[1.0368387810696602, 0.058095216008114556, -68.35247789599771], [-0.017538514236281444, 1.000585809671164, 12.205947286884566], [5.33400508127288e-05, 2.988701648150536e-06, 0.9594432982281669]], "croping": [16, 25, 1350, 1371]}