{"homography_left": [[0.03959259382997531, -0.0009086848345750144, -3.228019978556823], [-0.0013805634861960982, 0.0410891090247843, 0.6454034941197264], [-2.0276999850448618e-06, 4.7281736393233376e-07, 0.04202565899787557]], "homography_right": [[1.0221026108430937, 0.005292576404411102, -18.771871065409414], [0.011408955927188526, 1.0000724834207666, -8.253589314789906], [3.071669037424609e-05, 1.5905490209269524e-07, 0.9777980932834127]], "croping": [0, 16, 1332, 1058]}