{"homography_left": [[-0.024297566914870426, 0.0021333491845652096, -1.8176155736159352], [0.004588120626443162, -0.02895108933513291, -3.62452142466989], [8.168265762454273e-06, -4.456964056434522e-07, -0.03495775540800284]], "homography_right": [[0.8476128119061402, 0.00446020391526153, 107.31026531333771], [-0.11954201192870749, 0.9993848053554106, 86.40245369674756], [-0.00021162964396387104, -1.1136114902161065e-06, 1.1529746938587038]], "croping": [98, 104, 1440, 984]}