{"homography_left": [[0.04732454881935563, -0.13329243955114572, -27.30380613666202], [-0.027875621896218505, -0.1071864147843774, 46.111867953894354], [5.167915777590389e-05, -0.00010512086100404182, -0.03500397685859413]], "homography_right": [[-0.07291334184387527, 0.1527647097919148, 662.5070150774116], [0.3988174099002998, 1.4859826581630262, -637.0560490055946], [-0.0006995235279963104, 0.0014656098053466085, 0.4484178803077854]], "croping": [1478, 152, -998, 580]}