{"homography_left": [[0.03502931931774425, -0.0007406214229752207, -2.7209932837836277], [-0.0005513767477094381, 0.03618553440750908, 0.28830781983395326], [-1.52572131038931e-06, -3.625677963947955e-07, 0.03746863013812255]], "homography_right": [[1.0235289947164323, -0.008425650257916263, -12.391025056556373], [0.025903838282807852, 0.9998206426392505, -18.55391058881696], [3.272621608520042e-05, -2.694009182175495e-07, 0.9765826009144932]], "croping": [0, 19, 1344, 1061]}