{"homography_left": [[0.07955808975654537, -0.0058508146719079175, -2.968937406775936], [-0.0025416240206837188, 0.08054233844225689, 1.8034613648731437], [-1.4679343373442277e-06, -1.2637082799147781e-07, 0.08155347144209428]], "homography_right": [[1.004381457986544, 0.01816565206977835, -16.23391924055204], [-0.013538472832591174, 0.9999186833567547, 9.806248422602494], [6.312467963178217e-06, 1.141698662484211e-07, 0.9953728207628129]], "croping": [10, 23, 1300, 1423]}