{"homography_left": [[-0.07275065700936946, 0.0022089290172416062, -4.4113121267056545], [0.007121288668531667, -0.08155272735009535, -5.274310491480803], [1.1038115901591098e-05, -3.244241412582536e-07, -0.08965301592107418]], "homography_right": [[0.9187240739631585, -0.008307531312401254, 64.50008929145474], [-0.07219294898843744, 1.0006936845564134, 51.47947039105725], [-0.00011282645200978726, 1.0202293697335203e-06, 1.0805004803008387]], "croping": [60, 59, 1426, 1361]}