{"homography_left": [[0.02282831702076767, -0.00046431836253985905, -2.4854703511120846], [-0.00015262481670299827, 0.023348390647561425, 0.025546706818044385], [-3.4239660776211236e-07, -2.570048205546079e-07, 0.02378555928271428]], "homography_right": [[1.0692524169496735, -0.0012336031678735486, -49.195594493113276], [0.05309351730666282, 0.999939411197462, -38.19461450742676], [9.618483676115875e-05, -1.1096904477284923e-07, 0.9308068408161431]], "croping": [0, 36, 1298, 1044]}