{"homography_left": [[-0.04015434154338614, -0.0012676264527063936, -1.1572066772295013], [0.005303863768867311, -0.04491842703742606, -4.329888697633432], [6.84163750640289e-06, -4.735832671523164e-09, -0.050419488365703063]], "homography_right": [[0.9089090658951757, 0.007459960473011219, 60.214301014905345], [-0.09926457530052694, 0.9992189580113237, 72.03284444822646], [-0.00012646840759976638, -1.0380018828943407e-06, 1.0918046148275158]], "croping": [66, 86, 1440, 1368]}