{"homography_left": [[0.04478452352247977, -0.0016510371267552375, -5.830641889818864], [0.0021446170722370286, 0.04063002488822492, -1.7732527476444986], [4.459090055372535e-06, -6.83725911725092e-07, 0.037701076425940255]], "homography_right": [[1.1255193208934822, 0.005647980641979444, -93.423820589976], [0.08913088592645757, 1.0004598592985303, -64.42256188825581], [0.00017434987690780412, 8.749069975316485e-07, 0.8739956388477139]], "croping": [0, 57, 1310, 1015]}