{"homography_left": [[-2.799138684941096, -0.08405736386439908, 529.6123148269426], [-0.4358815468681958, -2.44942657028784, 331.66470106879933], [-0.0006823360667816986, -4.192771229817675e-05, -1.8784681667331498]], "homography_right": [[1.2110536502858968, 0.030024479451592343, -173.5762534109922], [0.18657641587638576, 1.0049328834448286, -137.8866955112744], [0.00029355670983961547, 7.277867004798565e-06, 0.7833991046720219]], "croping": [0, 109, 1222, 1295]}