{"homography_left": [[-0.033959351039231284, 0.0011445583580647276, -2.1308304883591638], [0.0038988448575727917, -0.03942785081217512, -3.0506701490248442], [7.477905859227239e-06, -5.854098876657962e-08, -0.04523825585302407]], "homography_right": [[0.8878678605628332, -0.03406571339924082, 105.26245404221356], [-0.0730571098654042, 1.0035388361317887, 50.05315708820319], [-0.00015471791585666716, 5.936216877993511e-06, 1.107122823264645]], "croping": [96, 68, 1428, 1320]}