{"homography_left": [[-0.7876345872657057, 0.02817946606272207, -44.849021947157894], [0.03361621602064651, -0.8502508534797343, -24.057254995002538], [7.55090851467919e-05, -3.038249055283023e-06, -0.9030454336031573]], "homography_right": [[0.9344034907896827, -0.024466836215676815, 64.84560870671567], [-0.039078400208998665, 1.0013660000191709, 27.152928136675882], [-9.063037892650253e-05, 2.3731061144532585e-06, 1.0635452364246754]], "croping": [61, 27, 1425, 1375]}