{"homography_left": [[-0.017653322714230583, 0.001260652884994045, -5.978442396147024], [0.0056847860700248165, -0.02761789289201136, -4.593628626606438], [1.3415152578382186e-05, -3.3159316160415175e-07, -0.038558795564809456]], "homography_right": [[0.6888758649931848, -0.03900831228893936, 245.07386584093433], [-0.17560807280931223, 1.0115459608035893, 120.20299358876662], [-0.0004298954530080829, 2.4343277119601606e-05, 1.296379356521235]], "croping": [190, 120, 1440, 884]}