{"homography_left": [[0.11471950022891811, -0.0010645017145705302, -29.193668709828188], [0.012029941985396135, 0.09184288402615175, -10.550680460007086], [3.06621811569056e-05, -1.9660051368506357e-06, 0.06721556853768806]], "homography_right": [[1.2738252387708928, 0.05075755632073184, -224.56325232823792], [0.1661486602532169, 1.0074140122700044, -123.63060200811844], [0.0003814141234945332, 1.5198041509584436e-05, 0.7171748886687606]], "croping": [0, 92, 1220, 938]}