{"homography_left": [[-0.043914542362440606, 0.0037581494884709483, 10.802275963421565], [-0.011931501439182451, -0.03282799637904131, 9.81470578029056], [-1.4270592201690122e-05, 1.1125960984649129e-06, -0.022071697537385415]], "homography_right": [[1.3382650076041194, -0.06425387582046332, -197.2880148842321], [0.3873732084012505, 0.9825530720972181, -266.34692195889716], [0.0004714106028386725, -2.2633752032023604e-05, 0.6768806674192128]], "croping": [0, 215, 1146, 1289]}