{"homography_left": [[-0.012970671591310316, 0.0010378414601699096, -3.8019523963570374], [0.004493432991901192, -0.019558171537250958, -3.7015354319605143], [9.449508426277557e-06, 2.9140030476847373e-07, -0.02743619438397664]], "homography_right": [[0.7200990028180593, -0.02291791248936084, 213.90439071525225], [-0.1777362476963631, 1.006162964890659, 124.64209730042558], [-0.00038804851752168224, 1.2350054549978453e-05, 1.2727259031586229]], "croping": [169, 135, 1439, 915]}