{"homography_left": [[0.05089932743711212, -0.00014323763996252627, -5.732732864249357], [0.0017611431775306635, 0.04899482862485854, -1.1677729862900321], [2.7379127566450577e-06, -2.56613454077784e-07, 0.04725074751348037]], "homography_right": [[1.0636722056874282, 0.004503798393524742, -49.08672293828613], [0.05944701005022213, 1.0002606745673306, -42.98953292463784], [8.844606914155868e-05, 3.744981414230803e-07, 0.9360491915562531]], "croping": [0, 41, 1318, 1393]}