{"homography_left": [[0.12096685613319187, 0.017995198019958678, -51.54926542388556], [0.01703941647229501, 0.08450197867130298, -16.09501246339979], [5.9244914316885946e-05, 6.972164486673035e-06, 0.027434817033900265]], "homography_right": [[1.5630808313874136, 0.28822413125154434, -561.0592294747717], [0.2534071805354303, 1.0635856238848327, -216.78940688331943], [0.0008050832811936107, 0.00014845324992003461, 0.3401752825837816]], "croping": [0, 99, 1086, 781]}