{"homography_left": [[0.04445526633292428, 0.0032532023073207966, -12.757453829627686], [0.0030714969110836425, 0.038828779916413224, -3.1900887804772253], [9.050467656692373e-06, 1.6637039093597293e-06, 0.02903839212516567]], "homography_right": [[1.2514559097768432, 0.05773508305633498, -212.22519988974818], [0.14330348664914844, 1.0076748333733458, -107.3229204089937], [0.0003507200032734311, 1.6180233246986982e-05, 0.7387442716897565]], "croping": [0, 80, 1218, 940]}