{"homography_left": [[0.16665360011026603, 0.011958491615120156, -43.46017573275638], [0.03283571609669622, 0.12806402140525822, -25.975103237563204], [5.810696850705308e-05, 4.055497496522427e-06, 0.07904684199480325]], "homography_right": [[1.3452198549986396, 0.09631319196573768, -317.90379381435196], [0.27635926544206457, 1.0223461503925801, -215.06789940094404], [0.00048301816806518193, 3.45824672234323e-05, 0.6273275425921977]], "croping": [0, 139, 1206, 1205]}