{"homography_left": [[0.09267718508209408, -0.0025785958623050676, -7.25877533841782], [0.0073596106379933985, 0.08886056835282578, -5.756133546367494], [6.9315352988034035e-06, -2.6546119582458423e-07, 0.08364501382470715]], "homography_right": [[1.0775437288963676, -0.03063256082653814, -33.77604101027714], [0.10636422043276957, 0.9973802612435001, -74.696026806914], [0.00010826050504104098, -3.0776444768306665e-06, 0.9242683403937686]], "croping": [0, 73, 1312, 1407]}