{"homography_left": [[0.07323520999783749, 0.0013713996673188008, -3.6880771353421267], [-0.00039559281973149075, 0.07271680201788508, 0.6787056651600949], [8.109050828775047e-07, -3.0112897397028e-07, 0.07241934390218246]], "homography_right": [[1.0166070304741925, 0.010903722311782913, -19.807742005902355], [0.005939559741783514, 1.0001212229674048, -4.363763550615431], [2.3145201083579383e-05, 2.4824621304065747e-07, 0.9831567179464336]], "croping": [0, 10, 1382, 1420]}