{"homography_left": [[-0.02427673797542346, -0.000737090932579537, 0.5288008331561176], [0.0030264139031145314, -0.027719094230352792, -2.3269796571429184], [5.097215700952524e-06, 5.494319894051012e-08, -0.03192987484348975]], "homography_right": [[0.9261824617906615, 0.0058486892919784195, 49.990335293055296], [-0.061662909127188734, 0.9996305472830262, 44.596799038741665], [-0.00010249666699446442, -6.472495252771221e-07, 1.074147114979664]], "croping": [53, 73, 1399, 1011]}