{"homography_left": [[0.060622683610666264, 1.26457735664799e-05, -12.21651255541699], [0.0053827076593013674, 0.05359209649624501, -4.809186062724201], [1.0782332353672015e-05, 9.231871899576579e-07, 0.043992605943008196]], "homography_right": [[1.202580599814498, 0.007349683482680134, -149.82686094708583], [0.1458379771884412, 1.0009099780094086, -105.4947317007585], [0.0002813878820519382, 1.7197282820481959e-06, 0.7964720716502984]], "croping": [0, 87, 1240, 985]}