{"homography_left": [[0.8616353514787205, 0.02603298002686908, -178.73365081059762], [0.06592415501517192, 0.813315233689367, -67.9629986176717], [7.738712356024883e-05, 2.083105319617635e-05, 0.7102241256821986]], "homography_right": [[1.1207664415641991, -0.0340803138621877, -68.54846844064218], [0.12131532839777913, 0.9967732560176469, -85.60459469593025], [0.00016837284128732956, -5.119888554953502e-06, 0.8815362940927975]], "croping": [0, 80, 1290, 1042]}