{"homography_left": [[-0.023778921236870674, 0.0006046737812732264, -0.530617751207139], [0.003260974541411216, -0.027414024480132148, -2.712807178055235], [6.025548118266104e-06, 7.480992563057979e-07, -0.03314359150685041]], "homography_right": [[0.8945349459396799, 0.00010880146870922862, 75.87608613032751], [-0.07922041408366587, 0.9999903718901854, 57.04389731953938], [-0.0001464792314770871, -1.7816135180012093e-08, 1.1054746673765]], "croping": [69, 82, 1421, 998]}