{"homography_left": [[0.043517077399731, -0.0008205651115127045, -6.820000719547885], [0.0017209782867819634, 0.042204795923381735, -1.913450771815512], [2.8309012203351193e-06, 4.173811968452275e-07, 0.038541615138202166]], "homography_right": [[1.1160337503414084, -0.007157792886894894, -79.6790920868907], [0.09345420466705852, 0.9994211891255128, -66.97446948805907], [0.00016118655115646065, -1.0337858948960019e-06, 0.8845039275505922]], "croping": [0, 61, 1276, 1027]}