{"homography_left": [[-0.002319227561708964, 0.0012927597940910265, -74.87956319077884], [0.08297751739959236, -0.12465019948478395, -48.523385479307436], [0.00014224803967852044, -2.93945773854388e-05, -0.19098653826531622]], "homography_right": [[0.0077579251398438576, -0.001497078825535736, 715.4921906536981], [-0.7846485887991106, 1.1698661938901125, 442.6433243344784], [-0.0013529541224825798, 0.0002610851396705711, 1.786145667624646]], "croping": [401, 5124, -5649, 976]}