{"homography_left": [[0.03987740589571334, -0.0013544089466184304, -3.1779350282387497], [0.0006732308567486131, 0.040243666729328956, -0.6416952708929955], [5.714064931645733e-07, -1.410415838820194e-07, 0.04005840018542611]], "homography_right": [[1.0580479435723888, -0.01109053975058191, -35.80562790680574], [0.054058657953930334, 0.9994882884558332, -38.64590949297951], [8.069843890583741e-05, -8.458872302830223e-07, 0.94235390309215]], "croping": [0, 38, 1294, 1056]}