{"homography_left": [[0.07353471609634392, -0.0697573166869538, -33.087432582464416], [0.10906996528966939, -0.05006405169432093, -87.1144104076876], [0.00014540146167391077, 1.12527176915388e-05, -0.17460305025337136]], "homography_right": [[-0.797940036377927, -0.05787241313039369, 1336.1849636459906], [-1.8676575307048706, 0.8671705492939931, 1440.3506266158315], [-0.0024935003677133225, -0.00018084677650232243, 2.925529943835264]], "croping": [844, 2012, -544, -44]}