{"homography_left": [[-0.011058940381172668, -0.0012459980891083554, -0.2615686546643379], [0.0019152001641619606, -0.013611280747733706, -1.8940879635400871], [4.034861737696238e-06, 1.6286415528617712e-06, -0.01837070801164588]], "homography_right": [[0.8677755147112265, -0.01869693790796966, 105.29797587822043], [-0.07745351709797411, 1.0019008841130772, 54.74005488947955], [-0.00018332285391671864, 3.949841818172631e-06, 1.129859540238224]], "croping": [97, 104, 1287, 998]}