{"homography_left": [[-0.11438157684232345, 0.009624040938011431, 14.331175305114627], [-0.034239390470620155, -0.08714410435894561, 23.85504115580575], [-3.591831938730075e-05, 2.8041892408644836e-06, -0.06456480941069707]], "homography_right": [[1.292148727548222, -0.12195149172406769, -122.54200979339112], [0.3905341651758596, 0.9675856489545294, -257.84626617388017], [0.00041190677225380856, -3.8875281348542076e-05, 0.7314173265482081]], "croping": [0, 230, 1216, 1338]}