{"homography_left": [[0.09452343056969824, 0.0002694440538812096, -23.633600343387542], [0.011465409525644541, 0.07784590858994847, -10.298556208828508], [2.3862955342396537e-05, 4.2794471770564967e-07, 0.05663587159367827]], "homography_right": [[1.283654984409134, 0.022300796978079296, -216.27401914273946], [0.1954841252049161, 1.0035470214949638, -142.66396175481998], [0.00039417480404570394, 6.847955553215614e-06, 0.7124962450883567]], "croping": [0, 109, 1232, 949]}