{"homography_left": [[-0.0036000269591830864, 0.0006925407833017643, -37.86986674110137], [0.04583731765107579, -0.061199773542492675, -30.29388000552829], [7.34618993025191e-05, -7.85430881993887e-06, -0.1047914039035493]], "homography_right": [[0.049087307384593326, -0.006270725119331078, 689.1720607690111], [-0.8161350570792799, 1.1123848340370808, 506.70016059038335], [-0.0013095161867021517, 0.00016728593364852528, 1.822405782198611]], "croping": [379, 35938, -43327, 1018]}