{"homography_left": [[0.06242458755179942, -0.00218109252924419, -8.033303918601902], [0.0025842798225689054, 0.06096965852585682, -3.2491667808224065], [3.900189640881869e-06, 5.51655367893528e-07, 0.055966328373515936]], "homography_right": [[1.0972332363147037, 0.0023458191996985752, -71.69691997036944], [0.09509758624607172, 1.0002055983578326, -68.61829291481126], [0.00013504933569627873, 2.8872742284668205e-07, 0.9025565945542298]], "croping": [0, 63, 1260, 1373]}