{"homography_left": [[-0.15426014675271071, -0.0024899845025996956, -1.7599907857167754], [0.013208124691033704, -0.16181877238928358, -10.555975010427291], [1.074864281152375e-05, 1.214300729903225e-06, -0.17173361896884703]], "homography_right": [[0.9552168164590017, 0.032975388623080935, 8.501612340900465], [-0.07868866690635994, 0.9978792446973728, 58.182783990470625], [-6.137201841781254e-05, -2.1186458645193983e-06, 1.045713278283279]], "croping": [54, 62, 1432, 1432]}