{"homography_left": [[-0.03293470562389924, 0.002086564379604647, -1.2497674742136775], [0.003514741501208248, -0.038330079689601594, -2.4987381932539963], [6.523628846042884e-06, -3.1193693765645136e-07, -0.04303342806600544]], "homography_right": [[0.9301358247875009, -0.000618079543770754, 50.63596910663557], [-0.051733461358455315, 1.0000345979067433, 37.22940930844641], [-9.703327004081065e-05, 6.447905529400545e-08, 1.0698291357395249]], "croping": [48, 59, 1366, 1011]}