{"homography_left": [[0.032347436381399725, 9.555063011675697e-05, -5.506797936298895], [0.0008498679381135606, 0.03072367325865388, -0.8237268116993626], [2.129603648316818e-06, -1.2088232728005104e-07, 0.02903780713673644]], "homography_right": [[1.112013420760714, 0.007616233144452506, -84.7624288457182], [0.07717876877059104, 1.0005520555346794, -55.86682350355238], [0.00015560677036650418, 1.0657582182379077e-06, 0.8873876158982685]], "croping": [0, 50, 1278, 1020]}