{"homography_left": [[0.09869254481338335, 0.010975095267553246, -33.614300348669154], [0.010056421131608463, 0.07633304384482516, -9.356641781055743], [3.4439413368771545e-05, 4.621766102699679e-06, 0.04300968171209222]], "homography_right": [[1.3764462691120738, 0.14939532507997533, -351.7147893038798], [0.17881037594323912, 1.0252804315896873, -142.39490373756325], [0.0005309512118131532, 5.762784256126621e-05, 0.586596092511446]], "croping": [0, 86, 1170, 864]}