{"homography_left": [[0.03557586701994461, -4.696604056388459e-05, -2.3087166210211407], [-0.0017769933255281614, 0.037061706595602144, 1.1243556287127063], [-2.0005211142003054e-06, 8.799927055407045e-08, 0.03844200754901185]], "homography_right": [[1.016549230666312, 0.017269225540689725, -21.2408278717171], [-0.004465512254087926, 1.0000684266147537, 3.178218450976374], [2.318541245911965e-05, 3.9387577594054226e-07, 0.983093810110426]], "croping": [0, 30, 1370, 1058]}