{"homography_left": [[-0.04487054175902536, -0.0019106891040481398, 2.01641541909989], [0.0032506472980609255, -0.047585496015816596, -2.4576551571768066], [4.039328181012076e-06, -9.654561180997125e-08, -0.05066193577761126]], "homography_right": [[0.9664756451723471, 0.007267256214597461, 18.905111001399973], [-0.041015210387596965, 0.9997198626211161, 29.732650391866173], [-4.6522341404005916e-05, -3.4981716960451375e-07, 1.0337479541729995]], "croping": [29, 49, 1395, 1397]}