{"homography_left": [[0.02652084268167732, 0.0020507472942064685, -7.305839515369787], [0.0020832808307491534, 0.02360208864136439, -1.812701952221012], [3.877307864664592e-06, -2.3719776148876243e-08, 0.020174948102664063]], "homography_right": [[1.1966974676667912, -0.012459611297312781, -134.89398661954078], [0.1579748476513036, 0.9984094189502318, -112.88297654206383], [0.00027326620087293545, -2.845155718603226e-06, 0.8047847194595322]], "croping": [0, 96, 1198, 998]}