{"homography_left": [[0.5089398810332944, -0.008043165470679153, -54.16777327929299], [0.06945708189058344, 0.444672828498649, -51.60832500658705], [8.945366605260142e-05, 2.0620426761941164e-07, 0.37826293850680504]], "homography_right": [[1.153690529869819, -0.013882705743062301, -100.66163337126477], [0.16579535235111012, 0.9980773321217138, -117.98833282043302], [0.00021355961413621743, -2.5698271805954564e-06, 0.8480873533919522]], "croping": [0, 105, 1314, 1351]}