{"homography_left": [[-0.04351227003904672, 0.001036681684995967, -2.247167163974148], [0.0036470835200612256, -0.048273575243549645, -3.00868296408391], [6.657998309064065e-06, 2.0433801812516812e-07, -0.05370875033474581]], "homography_right": [[0.9151304345646951, -0.024260479820710217, 78.57363258433077], [-0.05801725409570932, 1.0018894000968934, 40.41205487914738], [-0.00011738659683931793, 3.1119663998463483e-06, 1.0822777339164196]], "croping": [73, 57, 1439, 1357]}