{"homography_left": [[0.2852912837482063, 0.00807759760809337, -42.804027085518214], [0.03131403243270775, 0.24662080463872557, -24.281058477420686], [5.591025138010434e-05, 1.873830016994128e-06, 0.20247555599070047]], "homography_right": [[1.172655311729111, 0.042992357030319714, -155.26632150679006], [0.13668891637633204, 1.005683183671859, -102.50791203469748], [0.0002407315287943776, 8.82579538152758e-06, 0.8203187265933483]], "croping": [0, 81, 1300, 1307]}