{"homography_left": [[-0.42364204732737265, -0.006646202404936109, 108.33603240710573], [-0.04774148962085964, -0.3758569011686711, 50.38275044438484], [-8.43836521275596e-05, -1.4628223628583841e-05, -0.27746984472099845]], "homography_right": [[1.2384699293134234, -0.013968707346207513, -164.15524713871264], [0.1901784350905111, 0.9979185826040489, -135.8045078713543], [0.0003312965711267575, -3.736695366868717e-06, 0.7634842842868437]], "croping": [0, 112, 1226, 982]}