{"homography_left": [[0.046727770754079405, -0.0007298382968067246, -9.165656935554082], [0.0049721493870202825, 0.041589638703754386, -4.316138069076317], [7.2957502962540445e-06, -3.654698997373942e-08, 0.03551613360570403]], "homography_right": [[1.1947896936144857, -0.030285125679752493, -123.89461153536331], [0.17167261640417442, 0.995969700899621, -121.42792229680094], [0.00027098720956282774, -6.868892277090332e-06, 0.8085984109443928]], "croping": [0, 105, 1246, 1007]}