{"homography_left": [[-0.038085733438835506, 0.0017765663018551262, 0.4327632935842087], [0.0013945118395965353, -0.04085261136777346, -0.8099552541496287], [3.58551627692459e-06, -4.373384968133252e-08, -0.04330739623416777]], "homography_right": [[0.988371498689568, -0.014620613587519553, 16.267652280771586], [0.0061516802539239406, 1.0000184054339807, -4.439148717174817], [-1.5998761550763895e-05, 2.366637553012362e-07, 1.0113913098886873]], "croping": [17, 19, 1373, 1035]}