{"homography_left": [[-0.044821896121925234, 0.002324123477617534, -35.817027496698316], [0.04457543666059266, -0.096314553724996, -31.5565551082526], [6.768709999079958e-05, -3.509894496731957e-06, -0.14197953580913072]], "homography_right": [[0.4873867546195231, -0.0221471754752293, 385.0275030161084], [-0.46618859703320875, 1.022215811574948, 319.66040552994775], [-0.000710531131572127, 3.228700308818527e-05, 1.488335772508438]], "croping": [259, 223, 1439, 1157]}