{"homography_left": [[0.020157219292265084, -0.0008862681617218445, -2.7931474039283124], [-0.0006870499443837576, 0.020082055822093617, 0.5063437541730416], [-8.554861427443103e-07, -2.7361608034300695e-07, 0.02075108326186112]], "homography_right": [[1.0537893474064888, 0.009819853786173394, -44.03105117720543], [0.03105636496076565, 1.0003328195270482, -22.540305316357376], [7.476772616857309e-05, 6.967314109855246e-07, 0.9457910021966952]], "croping": [0, 25, 1314, 1045]}