{"homography_left": [[-0.18921745800781933, -0.014106787981038042, 56.63231324776888], [-0.01957436639337065, -0.14845050899387052, 18.050025284899817], [-5.549052616743487e-05, -8.395452352522102e-06, -0.09684576154937068]], "homography_right": [[1.2914529432021733, 0.0765044444229726, -251.1585190939702], [0.16076684907772315, 1.0112767710816453, -121.84158772004912], [0.00040722634866315543, 2.4123701698044192e-05, 0.6937702300455841]], "croping": [0, 86, 1220, 916]}