{"homography_left": [[0.09788768499808112, -0.008482834092192254, 5.3483820901294905], [0.007645359146850989, 0.09874433811911026, -3.086905928282846], [-1.7900560591137112e-06, 7.559054067020516e-07, 0.09999265606624436]], "homography_right": [[0.995809903363777, -0.09144745137304455, 67.85341137397904], [0.09144745137304455, 0.995809903363777, -40.877907080980776], [0.0, 0.0, 1.0]], "croping": [68, 47, 876, 1375]}