{"homography_left": [[-0.0580508838247052, -0.0020620635523544498, 19.66633903338142], [-0.017666298434274426, -0.04020320067779517, 14.630590130532838], [-2.6110990836000195e-05, -9.533085736852017e-07, -0.01792304544185827]], "homography_right": [[1.50520716140904, 0.03826600245664964, -391.3006779832965], [0.4801159498444434, 1.0125288047708032, -354.70422332297744], [0.0007021252145412014, 1.7849719210316737e-05, 0.48161804769890704]], "croping": [0, 226, 1150, 1180]}