{"homography_left": [[-0.021036838912962576, 0.0005054643068241565, 1.1033095372517079], [0.0007328282762087076, -0.022742804931199213, -0.5792595374890974], [2.5843289041913047e-06, -1.1621104590502928e-07, -0.024649736190268185]], "homography_right": [[0.9872976617577716, -0.03288445964709199, 26.903291743834075], [0.024178005773449432, 0.9997492324877224, -17.272749700253712], [-1.6872365453495774e-05, 5.619770433960548e-07, 1.011844635523083]], "croping": [27, 24, 1359, 1014]}