{"homography_left": [[0.0858591817145752, -0.0016947340418731543, -5.969695004023038], [0.006647516341257511, 0.07945881836516631, -4.269240032568604], [7.596484679278781e-06, -4.943621742930913e-07, 0.07492919883100622]], "homography_right": [[1.0735969679846908, -0.019775463344228965, -38.75148334113237], [0.09218326609744225, 0.9984716312983075, -65.27152612494001], [0.00010245356905527536, -1.8871763424791268e-06, 0.9275921972467868]], "croping": [0, 63, 1352, 1403]}