{"homography_left": [[-0.027039980679766325, 0.0015614784117568916, 0.2332305504833616], [0.001657324499790914, -0.02959804114459623, -1.3623892915040723], [4.688361135280798e-06, 8.490520058902675e-08, -0.033305200704209635]], "homography_right": [[0.9328088947961628, -0.030902562670584416, 65.06497958887837], [-0.01687176655598057, 1.0011075347658682, 11.549603146737354], [-9.255945501300361e-05, 3.066356222856902e-06, 1.06498697524902]], "croping": [62, 41, 1398, 1003]}