{"homography_left": [[0.4607544391156958, 0.0022037812857761824, -59.62507852500187], [0.02632823716806279, 0.42112532255677865, -21.340198802442046], [6.60814938136816e-05, 2.772926732138247e-06, 0.36741886479872615]], "homography_right": [[1.1189832525245191, 0.057566899496784694, -127.1161094553388], [0.06892618708839232, 1.004868413972334, -53.132112763722944], [0.00016708883690094595, 8.596005578466546e-06, 0.873506913414823]], "croping": [0, 42, 1300, 1324]}