{"homography_left": [[-0.02053504392227796, 0.0018902000917530497, -6.067276434238824], [0.006201574417328923, -0.030338531035616907, -4.7456907964095025], [1.3992570144013053e-05, -7.096119513395872e-07, -0.04109497301253826]], "homography_right": [[0.721319782887976, -0.030598838133431547, 217.17312891271024], [-0.1659537448884645, 1.007939212488343, 115.19952157598914], [-0.000385807881659368, 1.636621260300374e-05, 1.2689439199891228]], "croping": [172, 116, 1440, 896]}