{"homography_left": [[-0.02364521767205648, 0.0008962722778526733, 2.808041012557026], [0.0012937973872665328, -0.023973290367367398, -1.0129311433038277], [2.3364412949609033e-06, 3.118665203089159e-08, -0.025696090075968552]], "homography_right": [[0.9990835669357072, 1.2221419230550174e-05, 0.6532322399064014], [-0.0006995573717215541, 0.9999999915173924, 0.5036858882475599], [-1.272823596491991e-06, -1.5569979623402505e-11, 1.0009164413972633]], "croping": [1, 40, 1357, 1048]}