{"homography_left": [[0.055782428878120516, 0.000767665398594825, -4.663624368007987], [-0.0011861783266837102, 0.05540187498754749, 1.1130931137156637], [1.2832830140826836e-06, 1.338411888515326e-07, 0.05437952893181606]], "homography_right": [[1.0335653856088103, 0.038917798569770394, -52.18789260857807], [-0.003353723138172976, 1.00058237726411, 1.9953690293252748], [4.7602141511317796e-05, 1.7924076992341763e-06, 0.9644359245684025]], "croping": [4, 21, 1344, 1387]}