{"homography_left": [[0.11883600996349324, -0.00016568373995129275, -3.335294925653585], [-0.0008711779236814023, 0.1204549993597728, 0.5282441751620013], [-1.3306401463146915e-06, 1.8128620871031612e-07, 0.12118793921483166]], "homography_right": [[1.0039358546188455, -0.0014610535138836493, -1.781856795572594], [0.005392237626285152, 0.9999932115244231, -3.8775233885098714], [5.467935560294398e-06, -7.957626403422532e-09, 0.9960688158875985]], "croping": [0, 5, 1400, 1431]}