{"homography_left": [[0.06436807562852152, 0.004600716154766907, -15.601032832908501], [0.00656931791278588, 0.05778996667165085, -6.4728884805088285], [1.0837347313412057e-05, 1.1060960676739567e-06, 0.046585150717156965]], "homography_right": [[1.2159974596644374, -0.019002586297861945, -145.2567743575496], [0.17771490776794166, 0.9973449173881342, -126.5209889825104], [0.0003001660296701004, -4.690742433020139e-06, 0.7864134595513586]], "croping": [0, 107, 1238, 993]}