{"homography_left": [[-0.021092963781716458, -3.121972072950515e-05, -1.424651700955431], [0.005167535028258431, -0.02555614567365995, -4.136958481193688], [6.474318562969697e-06, 2.1301579789927702e-07, -0.03072908657812708]], "homography_right": [[0.8740179726830982, 0.05365365169958315, 61.73408775039434], [-0.15434936398065033, 0.9924073326870294, 115.23158241507247], [-0.0001723654615242058, -1.0581059802772266e-05, 1.1298169045909252]], "croping": [108, 135, 1440, 1039]}