{"homography_left": [[-0.01969533650972083, 0.0009958741886943207, 0.7422918790927558], [0.0020286524372861467, -0.022130355691282633, -1.6362599573931687], [4.689159353077915e-06, 2.0676626248799525e-07, -0.02598700510671791]], "homography_right": [[0.9173768354212555, -0.02220052005720491, 71.47695932758677], [-0.03755493727183809, 1.00120160666583, 26.390687236175268], [-0.0001143478793256504, 2.767218759455859e-06, 1.0808361749843622]], "croping": [67, 63, 1395, 991]}