{"homography_left": [[-0.026811746939582895, -0.0015370183677297384, 12.841960360941401], [-0.006674285547482945, -0.017630394244706055, 6.506623433432846], [-1.431693062386492e-05, -1.27013557456757e-06, -0.0032336766828914842]], "homography_right": [[1.704745805826034, 0.10500325379438086, -564.1187372437104], [0.46849987421869643, 1.0307522505441746, -353.92612473131584], [0.0009814408011481488, 6.0451521379273625e-05, 0.260718801628525]], "croping": [0, 192, 1080, 824]}