{"homography_left": [[-0.01970429459164242, -0.0002495293768791304, -0.24284694218551017], [0.004991717688268768, -0.02376043469071172, -4.092213472558111], [6.045179207151682e-06, 1.822019639826397e-07, -0.028918835927635805]], "homography_right": [[0.8603193058889217, 0.022415590279179214, 84.43087475896732], [-0.1653875628703707, 0.9960302057097445, 121.93729715565087], [-0.0001935297725083433, -5.042411646089327e-06, 1.1429719725911915]], "croping": [103, 142, 1415, 1336]}