{"homography_left": [[-0.11289986227435232, 0.004091808026689027, -1.775095625813932], [0.0003857439034400539, -0.11499676610655164, -0.8029046538071156], [1.3076221846749235e-06, 6.167029617426442e-07, -0.11705524821462245]], "homography_right": [[0.997062270252653, -0.005252361777855373, 5.896865898145506], [0.0023439091886530245, 1.0000015276262837, -1.6887145067546498], [-4.060909696411833e-06, 2.1392211408572273e-08, 1.0029084525892022]], "croping": [16, 7, 1386, 1431]}