{"homography_left": [[-9.92587639939726, -0.6969165132636477, 2213.40721912309], [-1.5242699123465, -8.055737121922899, 1239.693302308191], [-0.0028999317607535744, -0.00023797673026426376, -5.579392251784246]], "homography_right": [[1.270264336561658, 0.0913450271030094, -260.3587418385606], [0.20111485225445563, 1.0170444276676007, -157.07468154388073], [0.00037894429739689046, 2.7249979488477627e-05, 0.7075401206425349]], "croping": [0, 106, 1238, 1234]}