{"homography_left": [[-0.02265582992109148, -0.0016992852586430335, -0.6982917373533786], [0.005481199616417014, -0.027940126754765243, -4.4612315042223285], [6.9044065027128794e-06, 4.7959919267752393e-08, -0.03344391005692821]], "homography_right": [[0.8712421599272802, 0.05385958216671394, 63.62147048233271], [-0.15684087916962822, 0.9922131972549713, 117.13030648444777], [-0.00017618400895989052, -1.089157245079637e-05, 1.1327339355745512]], "croping": [109, 134, 1417, 1036]}