{"homography_left": [[-0.027704624511061784, 0.001226410295574847, 1.2424203733020216], [0.0020812487111280115, -0.02999241883443255, -1.5682410718301592], [3.6648312453620166e-06, 1.377056539403866e-07, -0.03274137986695737]], "homography_right": [[0.9716516581795807, 0.0033658459440342667, 18.59324930092339], [-0.024720781668465933, 0.9999203658665883, 17.84196523333776], [-3.936436398251675e-05, -1.3635996371196948e-07, 1.0284159764478165]], "croping": [22, 48, 1366, 1040]}