{"homography_left": [[-0.01831020879545749, -0.00021937158163688988, -0.061136902373049695], [0.0033689224639904553, -0.022484724823928517, -2.6451301475378735], [6.120349333413598e-06, -1.1256741285427968e-07, -0.027318018731894295]], "homography_right": [[0.8782034287744613, 0.0018979935238806554, 86.66861477949226], [-0.093506894881263, 0.9998002461800305, 67.43283137729293], [-0.00016915866082098307, -3.6558960284930153e-07, 1.1219916541766464]], "croping": [80, 97, 1428, 981]}