{"homography_left": [[-0.022348619133582166, -0.0004953589216278622, 0.24581455458227786], [0.002955276071698186, -0.025239126455993948, -2.3395613243603854], [4.611062925067826e-06, 4.932575973852325e-07, -0.02938873401441279]], "homography_right": [[0.935581023372498, 0.01721931138570089, 37.083235023523], [-0.06658905880334975, 0.9989437889980047, 48.51447627948926], [-8.923562327888295e-05, -1.6423761764612051e-06, 1.0651365318960848]], "croping": [53, 80, 1403, 1024]}