{"homography_left": [[-0.027631752449391908, -0.0016483497329405515, -0.21848988365651456], [0.004568709230443911, -0.03330317851443664, -3.527355886986532], [7.472835376909885e-06, 2.445002996201385e-07, -0.039342313649528574]], "homography_right": [[0.889695290303336, 0.0136860798176386, 72.02890788007323], [-0.0980208752836809, 0.9986104657729231, 71.32537868687177], [-0.0001530366862836611, -2.3541456567573902e-06, 1.111457652778885]], "croping": [79, 90, 1399, 1010]}