{"homography_left": [[0.024763232478903698, -0.0003079446774141754, -1.7551828998474193], [-0.000739729580288132, 0.02647167503212326, 0.4705819211065041], [-2.4480461350264455e-06, -1.7665060901569914e-07, 0.028219986768054987]], "homography_right": [[1.0009655042425525, -0.025350016967601537, 12.993846107867284], [0.02628197885903046, 0.9996550347521009, -18.73674354463651], [1.7861696969094132e-06, -4.523575680855559e-08, 0.9987383851269018]], "croping": [14, 20, 1370, 1036]}