{"homography_left": [[0.11065149278365953, -0.002765487850335589, -6.387216538678928], [0.010914021638221427, 0.10167492085294631, -7.651099706309992], [1.275575490925377e-05, -4.825605565170026e-07, 0.09302815159114503]], "homography_right": [[1.1007935602794752, -0.019154415900541216, -58.78018395283243], [0.11834283413997791, 0.9980921474792397, -83.83318676583667], [0.00014020127155532774, -2.439579556110107e-06, 0.9008115817605633]], "croping": [0, 79, 1344, 1385]}