{"homography_left": [[-0.014074383416554162, 0.0015454243076781678, -39.80437861542619], [0.046667331678492074, -0.07415757156901043, -30.90263842096731], [7.531395919630997e-05, -8.815076172751174e-06, -0.11858921757554054]], "homography_right": [[0.21120741544008814, -0.023466985235524984, 584.8268902527145], [-0.6722474032957805, 1.0808461873982047, 425.80887544625466], [-0.001087050805895432, 0.00012078082182417431, 1.6957143885313055]], "croping": [345, 261, 1439, 1047]}