{"homography_left": [[-0.10313433422787233, 0.004986043714002514, 2.459242017224426], [0.0002470994867089509, -0.10806884002605072, 1.3596993321941397], [9.589823311927076e-08, -3.3143894960227496e-06, -0.10333143351420757]], "homography_right": [[1.0087180619881204, 0.003995294036715387, -9.153616337881886], [0.0047651729362182885, 1.0000267175190969, -3.4501611278269593], [1.2119313501359223e-05, 4.8001738826438325e-08, 0.9912395330270664]], "croping": [0, 4, 1286, 1424]}