{"homography_left": [[-0.012086811135964708, -0.00017695516168951756, -3.6073844195911304], [0.006028547915686397, -0.019389933613950708, -4.913035924302547], [1.0494214785047981e-05, -1.7731432655775136e-07, -0.02777626499966073]], "homography_right": [[0.6919471670429524, 0.014665076407402326, 213.87889846907694], [-0.2520604047190491, 0.994882416685362, 184.2469863876198], [-0.00042753932966768416, -9.061236515412973e-06, 1.3127213850790556]], "croping": [177, 177, 1439, 923]}