{"homography_left": [[0.6091674222946278, -0.02026800023187615, -41.343897074225424], [0.05679821599877451, 0.5586178591055195, -41.81449723516005], [7.478311857112525e-05, 5.865135790012236e-07, 0.504673778824919]], "homography_right": [[1.099707810194316, -0.007901556613233064, -66.10050257837952], [0.10691857871589756, 0.9992575876437665, -76.44683977895806], [0.00013851891989806518, -9.952780888089353e-07, 0.9009829778973355]], "croping": [0, 71, 1314, 1375]}