{"homography_left": [[0.047255967835384674, 0.0031359089394525762, -10.832682403746887], [0.0024546699878920074, 0.04331206864791709, -2.543030360711036], [6.379854107676689e-06, 9.96826810565043e-07, 0.03683651711840652]], "homography_right": [[1.1717015980070626, 0.02353754316389766, -136.3354238735899], [0.1088431901676323, 1.0023882297005586, -79.65674095899692], [0.00023875459404902347, 4.7961840903573475e-06, 0.8255067528759101]], "croping": [0, 66, 1242, 986]}