{"homography_left": [[0.04243228167359, -0.0011555629764310738, -5.901025528795962], [0.002368750934621441, 0.04036754160405938, -2.0550498627293123], [4.3848769738568055e-06, 5.729149299735876e-08, 0.036907719067510274]], "homography_right": [[1.1314795328546547, -0.0017950933906369143, -93.69591322440738], [0.10019709249470056, 0.9998422957061981, -72.05674627753126], [0.00018261221020133726, -2.897144509145337e-07, 0.868675654458531]], "croping": [0, 64, 1246, 1018]}