{"homography_left": [[0.020518872551153842, 0.00022511071616862564, -4.7802925533733145], [0.00012783492086053914, 0.018752410167968563, -0.22838086442742878], [1.3641777704611214e-06, 3.181425797756695e-07, 0.01705919914098993]], "homography_right": [[1.1453354811992074, 0.029085757139475747, -120.34785531874604], [0.08385655049040636, 1.0024519345732033, -61.70076102262226], [0.00020230246875414738, 5.1374645870034744e-06, 0.851567991620032]], "croping": [0, 52, 1290, 994]}