{"homography_left": [[0.03919379725047939, 0.0011988538558888187, -7.631154937339424], [0.0019125418279584755, 0.03525635788442907, -1.7456150119331966], [4.768334362560797e-06, 2.51962854884468e-08, 0.03131799595961879]], "homography_right": [[1.156692489039362, 0.018696962584140577, -122.91495190377645], [0.10145527877903801, 1.0017705708732412, -74.0039089924577], [0.00021780986594533759, 3.5207135454115237e-06, 0.8412757112048347]], "croping": [0, 63, 1278, 995]}