{"homography_left": [[0.04919852385084431, 0.0016364551921270259, -6.480085534065623], [0.003535641885951588, 0.046004299066367944, -2.518798933253592], [4.3903918432102536e-06, -5.275104964881845e-07, 0.043118243688655154]], "homography_right": [[1.0952590395488087, -0.009126400125770527, -62.01550038458754], [0.10362610569669915, 0.9991712367354183, -74.01408655112459], [0.0001323524363779994, -1.1028453072652142e-06, 0.9055002944290714]], "croping": [0, 69, 1300, 1383]}