{"homography_left": [[0.14499775624869604, 0.006635976412062197, -38.19089849338539], [0.019685388442553964, 0.12138806168472026, -17.39004744494754], [3.696611866609126e-05, -6.969987910843524e-07, 0.0896772279363703]], "homography_right": [[1.2766911726490842, 0.0017175211050771573, -200.1451057040822], [0.2061737684119282, 1.000278268612226, -148.59537830719034], [0.0003842945521552109, 5.169879905437149e-07, 0.7230287489333546]], "croping": [0, 117, 1192, 961]}