{"homography_left": [[0.04766186737500417, 0.0007651852466886966, -12.843042680107636], [0.0065826908632630275, 0.03911779833876498, -5.699339571702474], [1.3261437679880112e-05, 1.7621891603921986e-07, 0.027338249895717964]], "homography_right": [[1.3199730370340024, 0.011615814034230993, -236.65312624296655], [0.23120911819546897, 1.00207336881985, -167.59018426345654], [0.00044446077101015767, 3.911272061409482e-06, 0.6778761579595254]], "croping": [0, 126, 1200, 942]}