{"homography_left": [[0.055355012567440375, -0.0013345207181047198, -5.204466801257894], [0.003969523933806805, 0.052071261019347226, -2.8318474820361814], [4.754400376845219e-06, -2.7364836427187377e-07, 0.04875858212087752]], "homography_right": [[1.0897258236161398, -0.011804118951325318, -56.1036273586667], [0.100616042827671, 0.9989687742094414, -71.70106826672122], [0.00012470067589100286, -1.3507816183005077e-06, 0.9111880761236543]], "croping": [0, 68, 1314, 1388]}