{"homography_left": [[-0.05426246255569687, -0.008844464035437169, -8.630935740041805], [0.03504521262404153, -0.07299933504102941, -29.776852305113703], [3.0384903203628045e-05, 4.757218364817909e-06, -0.10379768658492412]], "homography_right": [[0.7077720207833553, 0.12211368718121254, 122.48229026551121], [-0.4476890312269619, 0.9375336754616147, 367.31185615105005], [-0.0003856506935583394, -6.653728428297913e-05, 1.3255753440457494]], "croping": [243, 287, 1439, 1391]}