{"homography_left": [[-0.043131471722940726, 0.0009431956701722674, -11.056786092077738], [0.015698025976564146, -0.060492385120967676, -11.788779399315674], [2.378583152930192e-05, -8.273330529629864e-07, -0.07758544717517205]], "homography_right": [[0.7272696541188114, -0.01640698142604185, 208.1788756612059], [-0.2499220168424395, 1.0058926019662033, 175.70117871088996], [-0.00037843885146935654, 8.537464985354655e-06, 1.2663289982684813]], "croping": [165, 152, 1439, 1254]}