{"homography_left": [[0.0358876464204621, -0.0010196961010631449, -6.30249760700206], [0.0010734958882950593, 0.034777474342860326, -1.4255779059866853], [1.9575724720181085e-06, 4.5313380330426934e-07, 0.031746446616636094]], "homography_right": [[1.120957409862115, -0.003365611849656531, -85.27190470190817], [0.0937238683421849, 0.9997231066586548, -67.33166280204671], [0.000168002662731428, -5.044185867260519e-07, 0.8793104688702039]], "croping": [0, 61, 1262, 1023]}