{"homography_left": [[0.043279990552842984, -0.002813908835766361, -7.728664600231937], [0.0017894301745989272, 0.03803560574703611, -1.4570694057050062], [6.093438178341007e-06, -2.2656752582433026e-07, 0.03284832450123463]], "homography_right": [[1.1615728295987544, 0.04386582986174546, -140.01998543644572], [0.08397658343592768, 1.003884117777039, -62.56056367346889], [0.00022539601937330694, 8.511892827899156e-06, 0.8331184439241535]], "croping": [0, 51, 1244, 979]}