{"homography_left": [[0.034390325906956155, 2.156384675123461e-05, -2.7856613883754093], [-0.0016234908583441332, 0.03674566166480001, 0.934095711259765], [-2.4408715971852342e-06, 3.1128113270483776e-07, 0.038004602721514666]], "homography_right": [[1.0120529936721425, 0.006785497747986799, -12.342324227855443], [0.0023520664768512736, 1.0000382460236488, -1.714140716103202], [1.677148517077537e-05, 1.1244754530468494e-07, 0.9878638090025772]], "croping": [0, 25, 1342, 1059]}