{"homography_left": [[0.043844470928042445, -0.0020225704995258166, -6.382222712455196], [0.004504311317913788, 0.04077094978427975, -3.5606064100666757], [7.419585354222983e-06, -3.5525381052560825e-07, 0.03496016408025273]], "homography_right": [[1.179067791854779, -0.020036996735864416, -118.10883189807419], [0.1514005957669389, 0.9975714951396841, -107.69703632762537], [0.000248905774211912, -4.229887560219398e-06, 0.8230719818499419]], "croping": [0, 94, 1204, 1008]}