{"homography_left": [[-0.04559777221568891, 0.0012830584316831156, -4.03331934072515], [0.0046599903654857625, -0.051918826687484355, -3.8095793098339588], [8.303848821029339e-06, -2.6305984865280163e-07, -0.058077054199361045]], "homography_right": [[0.8955189345185971, -0.024839998933870365, 93.11116637899681], [-0.0763691450258153, 1.0025029627101336, 53.18365126729077], [-0.00014457859177168216, 4.010336272118748e-06, 1.1012091439596856]], "croping": [85, 66, 1439, 1344]}