{"homography_left": [[-0.014367590395982283, -0.0013114285276881943, 2.2656251474225977], [0.0015859599041037802, -0.016152789917993626, -1.286657635544521], [2.548408191258067e-06, -8.718574725076903e-08, -0.018070153553056887]], "homography_right": [[0.9808341724408963, 0.007836052293438566, 9.567927604097804], [-0.022339353167509256, 0.9998534399995599, 16.163476680844383], [-2.6574882857081437e-05, -2.1231129339821468e-07, 1.0192485637555337]], "croping": [18, 72, 1278, 1030]}