{"homography_left": [[0.5311622333953825, -0.00987599529084486, -89.62583690886663], [0.06529056241564954, 0.4488402786721522, -51.950514274644206], [0.00010724798298040574, -8.264899469962638e-06, 0.37452217714403746]], "homography_right": [[1.1806351332881868, 0.029748547125365777, -151.47624989775773], [0.15576335243738906, 1.0042421760505187, -115.20398051129382], [0.0002513228172225159, 6.332598836865828e-06, 0.8144881004372452]], "croping": [0, 93, 1276, 1311]}