{"homography_left": [[-0.10411537000101907, 0.0072246726789655736, -2.094173635536694], [0.005335270157836168, -0.10829902783491858, -4.579731236430311], [6.016277760520799e-06, 1.8228076943385327e-06, -0.11500476941578446]], "homography_right": [[0.9648097477125245, 0.008918121072414069, 18.915934474844107], [-0.04439053856252166, 0.9996323998543264, 32.22585986990043], [-4.881602057771493e-05, -4.5122593632339075e-07, 1.0354724174901075]], "croping": [31, 40, 1365, 1422]}