{"homography_left": [[0.028138159486461457, 0.00045196233247121395, -4.742741795172542], [-0.00016846843621236176, 0.027452319022221866, -0.057401643424544346], [6.666978008157702e-07, -1.8169123963684974e-07, 0.026727063719446286]], "homography_right": [[1.0907963959255682, 0.020804187696837274, -76.60766642270119], [0.04916466179057544, 1.00111955494123, -36.00311615747853], [0.0001263586471999091, 2.4099722214747113e-06, 0.9077203890164691]], "croping": [0, 32, 1292, 1020]}