{"homography_left": [[0.6132656542866657, 0.03831776847112974, -158.8570650420005], [0.13556283772983396, 0.47062479619396774, -109.50025621557279], [0.0002239946684540883, 1.599373712485026e-05, 0.2797124146401334]], "homography_right": [[1.3696276876220534, 0.07822406978628585, -322.4532653340042], [0.3142342181266825, 1.0195766203997763, -240.34380373905026], [0.0005156314966216982, 2.944945881298003e-05, 0.6075417120870317]], "croping": [0, 158, 1202, 1206]}