{"homography_left": [[-0.08328609547399601, -0.03202656899810825, 26.241687483698705], [-0.029753086274687854, -0.0790823984064152, 38.28601405780324], [-7.713077209972456e-05, -3.9605109932251735e-05, 0.02968202537542215]], "homography_right": [[1.889143729174555, 0.9650071490499506, -1334.9886323216442], [0.5436994741010768, 1.4006443335163064, -679.9275414845158], [0.0013869486241731084, 0.0007084772413144297, -0.5087066231510275]], "croping": [2625, 1337, 929, 845]}