{"homography_left": [[0.04847712706971696, -8.64216584736916e-05, -5.163831042886599], [0.0023429605416026254, 0.047040709878339804, -1.6641463190566554], [2.791852433425639e-06, -4.564937557547852e-08, 0.04490536592107266]], "homography_right": [[1.0686740397924066, -0.009402618948410804, -42.675423007676955], [0.0775108003657827, 0.9993567343213969, -55.344624974769204], [9.543436589470945e-05, -8.396694816929161e-07, 0.9318918185826282]], "croping": [0, 53, 1320, 1399]}