{"homography_left": [[0.09803150659961474, 0.0013670713785712127, -26.245904988150258], [0.004965465995171274, 0.08695583641724816, -5.487875550145574], [7.063142303561672e-06, 6.580160624070801e-07, 0.07895234693115685]], "homography_right": [[1.1044633576465437, 0.002685571209906085, -77.14722877664394], [0.10203475899717238, 1.0002510600926449, -73.64578974466849], [0.00014509210261178974, 3.5280045359699616e-07, 0.8952796697929215]], "croping": [0, 67, 1288, 1369]}