{"homography_left": [[-0.02147868946881234, 8.038843511973774e-05, 0.04012015564619631], [0.003929385781836719, -0.02498466430258265, -3.1828177746241364], [5.465037793267989e-06, 2.9022318052905594e-07, -0.029423818091386136]], "homography_right": [[0.9003489816732283, 0.03300049319958027, 53.928466867502266], [-0.11086338619510769, 0.9966080198942342, 81.65330731759104], [-0.00013747218486013466, -5.038768293131521e-06, 1.101700907977588]], "croping": [82, 109, 1432, 1035]}