{"homography_left": [[0.07097420710653593, -0.001939812235111916, -0.8025604284440817], [0.00015647244582625347, 0.07207118497421398, 0.07955307809672263], [-1.340251602385295e-06, -7.09917433003825e-07, 0.07392444160047233]], "homography_right": [[1.003116680304872, -0.014213051761957326, 7.989387449101287], [0.0173845137560219, 0.9998540544153951, -12.41176908342004], [4.468116585792747e-06, -6.330826070306342e-08, 0.9968285380059354]], "croping": [9, 13, 1389, 1423]}