{"homography_left": [[0.12614039301751878, 0.006438884910211093, -13.012765086667855], [0.0014784527464825684, 0.12014731328104092, -1.2650676959277405], [1.0106484770455577e-05, 8.190274703034911e-07, 0.11148111925997607]], "homography_right": [[1.0707326775526935, 0.051527097752878614, -88.02703822001195], [0.02382100446109578, 1.0023035955401092, -18.80971200086742], [9.984526682399912e-05, 4.804875139854192e-06, 0.9246518977860256]], "croping": [0, 15, 1336, 1355]}