{"homography_left": [[0.14677464339829344, 0.0014341099573778422, -32.275015291833014], [0.019724070645011617, 0.12129843481812393, -16.611367661709835], [3.9713832753184204e-05, 1.1525254523210094e-06, 0.0885315777032178]], "homography_right": [[1.279241381769313, 0.0160717444103041, -209.73253685546933], [0.19692771492962022, 1.0025530182306779, -143.1665845938927], [0.0003879448515942917, 4.873943720842801e-06, 0.7180477772428548]], "croping": [0, 110, 1228, 954]}