{"homography_left": [[-0.0735129368201584, 0.008676417653131365, -4.062953865539946], [0.0011877747923040864, -0.08000670300608544, -0.6960592335112835], [7.141639812227618e-06, -1.2214262608748036e-06, -0.08467277007544631]], "homography_right": [[0.9529620036813474, -0.04767691078510512, 68.19473311470551], [0.004178907781180012, 1.0010416581999653, -3.758807506424546], [-6.359559550176589e-05, 3.181702440758785e-06, 1.0434980030039251]], "croping": [66, 9, 1278, 1341]}