{"homography_left": [[-0.0691953472441072, -0.0009268291806931476, -1.254450781873322], [0.006177284959126095, -0.07480238685063928, -4.738386027892279], [7.319691726497454e-06, -1.0220851720489296e-07, -0.08022477993360094]], "homography_right": [[0.9424441234059383, 0.009713035026868351, 34.446845928379275], [-0.06780844290994116, 0.9993542590329116, 49.28701239146142], [-7.986496077086534e-05, -8.231057334024583e-07, 1.0580954078830729]], "croping": [46, 60, 1440, 1398]}