{"homography_left": [[0.024331659011795116, -0.0017890483996711613, -1.0199014340717412], [0.0003730375482392746, 0.02544384180788353, -0.2857108481908277], [-1.4897245543942373e-06, -8.546933078462757e-08, 0.02663686560900929]], "homography_right": [[1.0215354712255338, -0.05121105412999804, 12.14842994781452], [0.06716084059641218, 0.9978889223141675, -47.21582327906708], [3.1652345565490666e-05, -1.5867779707650246e-06, 0.9780671712970599]], "croping": [13, 49, 1315, 1023]}