{"homography_left": [[-0.021432832817640225, 0.00041581722287458984, 1.6001656355217304], [0.00226813631086325, -0.02361378731857123, -1.6342312708034674], [2.6643124333119814e-06, -1.7619393076626402e-07, -0.02513418730677102]], "homography_right": [[0.996694073928781, 0.03252555864689069, -15.183534898043263], [-0.03469649005705943, 0.9994000631845562, 25.305438721422433], [-3.852611389690484e-06, -1.2572397185539083e-07, 1.002841771145379]], "croping": [20, 66, 1340, 1056]}