{"homography_left": [[-0.027910118994973615, 0.0002551657773951812, -0.0033143480305879436], [0.002839029956366551, -0.03158911225149364, -2.3138660241933007], [4.965504447265349e-06, 7.662512607997359e-08, -0.035686195894823663]], "homography_right": [[0.916848364799315, -0.023733595039129456, 76.95736577266644], [-0.0569393644107095, 1.0018089240403985, 39.69391706662395], [-0.00011502327686869614, 2.9774998550309246e-06, 1.080672959449839]], "croping": [72, 65, 1400, 1343]}