{"homography_left": [[-0.07345082918614351, 0.0053403652957613075, -2.403376691976259], [-0.0035272105769922797, -0.07550961755359381, 2.5230650753179997], [1.865190557965534e-06, 4.2017458104251886e-07, -0.07693398552127464]], "homography_right": [[0.997835865185379, -0.06575398200676537, 48.901044111398164], [0.06575398200676537, 0.997835865185379, -45.78468997834386], [0.0, 0.0, 1.0]], "croping": [49, 49, 1363, 1391]}