{"homography_left": [[15.780861840724446, -0.9173760671039525, -1752.4785227869015], [3.38447860753178, 12.929537652856562, -2425.769139267597], [0.0037626735507348386, -0.00020621044497987127, 10.44052715258163]], "homography_right": [[1.2162461272550198, -0.062198630707085284, -110.91419751451281], [0.26862430644664614, 0.9875693840122729, -184.4594571304217], [0.00030215445762660264, -1.5452130210545868e-05, 0.7935743242604392]], "croping": [0, 165, 1262, 1345]}