{"homography_left": [[0.017432251961193655, 0.000982840424391218, -4.334638144567538], [0.0002707863385750589, 0.01659983574585037, -0.17662196840695188], [3.5640912260642005e-07, -3.6547641334676176e-07, 0.016513053890404944]], "homography_right": [[1.1046764086443295, -0.012297327088125549, -68.72645759632974], [0.08968514626791046, 0.9990635788158554, -64.06763787345744], [0.00014546995041183372, -1.6193806147295837e-06, 0.8961361012354336]], "croping": [0, 59, 1218, 1035]}