{"homography_left": [[0.02516720682147483, 0.010359396931046823, -15.45650224554149], [0.00011483288973595032, 0.01986794749100501, -1.3584672486577984], [1.2041510932943918e-05, 5.696686694751105e-06, 0.003656008133076025]], "homography_right": [[1.5617387476157303, 0.6464571477748238, -753.5387580817307], [0.09586286199955152, 1.1219662618394053, -134.88304203295598], [0.0008857888827618725, 0.000366658351504117, 0.16423649459922862]], "croping": [0, 3, 988, 661]}