{"homography_left": [[0.023672803774690106, -0.0004083879355472491, -2.1351697039381747], [-0.001111793689057593, 0.025069348153257724, 0.9132841033184818], [-1.8020236926359428e-06, -4.4589709454710545e-07, 0.026674990793279885]], "homography_right": [[1.009940433683872, 0.003030460097150576, -8.793560704849142], [0.00445808266315945, 1.0000178789553582, -3.21947415336831], [1.3812410487774615e-05, 4.1445967932963585e-08, 0.9900326836261185]], "croping": [0, 35, 1326, 1067]}