{"homography_left": [[-0.9192130601672823, 0.027697978685266033, 77.36056015269969], [-0.0434474911342938, -0.8578959701359246, 33.080408293072196], [-0.00010231980468953092, 5.046779079291537e-06, -0.7839614310565739]], "homography_right": [[1.0805419084006538, 0.03348189366183879, -82.09713748499462], [0.05005029482595447, 1.002030826009716, -37.49840700168261], [0.00011253004922134111, 3.4868792339273126e-06, 0.9164678115122067]], "croping": [0, 33, 1304, 1363]}