{"homography_left": [[0.030236053122208804, -0.0005256799326617527, -7.399586916813362], [0.0016160446023884955, 0.02555179858628062, -1.3804495417085185], [4.9359815745005195e-06, -1.8468950246393724e-07, 0.021289039035739817]], "homography_right": [[1.2039347659392303, 0.039909283395373946, -168.3840445097478], [0.12023196392975427, 1.004534852968815, -89.01583463258316], [0.0002840051986348992, 9.414500086503673e-06, 0.7904324269361606]], "croping": [0, 71, 1260, 965]}