{"homography_left": [[0.18089349140834193, 0.00272165791185419, -13.4130920036487], [-9.305985820715588e-05, 0.1775070303657471, -0.147628367048668], [7.360492139862314e-06, 1.4026948669738066e-06, 0.17077506944040236]], "homography_right": [[1.0391494008907007, 0.03268520069644853, -51.72091314274735], [0.0082054496073595, 1.0007526411737595, -6.449825362405818], [5.506070140329796e-05, 1.7318684631020744e-06, 0.959109349696192]], "croping": [0, 6, 1362, 1388]}