{"homography_left": [[-0.019679947980217133, 0.005287249402160857, -5.480700230816413], [-0.0009823523883339038, -0.02664420405494876, 0.8472361491999083], [8.749011355625865e-06, -1.8160709677582788e-06, -0.03283789848482135]], "homography_right": [[0.8004981591452685, -0.17854204185375752, 240.05402801643584], [0.08604986341868281, 1.0053788034031634, -64.8604554991598], [-0.00024377758051928968, 5.437182645186352e-05, 1.1461590716898824]], "croping": [210, 75, 1266, 801]}