{"homography_left": [[0.024610976338992462, -2.8661461735756538e-05, -3.688103662088146], [-0.0005347843744820302, 0.023747018330770885, 0.4023189531248441], [7.252542901778943e-07, -2.0093784781554465e-06, 0.023923245323431732]], "homography_right": [[1.0902466659530117, 0.04151055187740662, -87.39329749996796], [0.030181142002787043, 1.0018737003606046, -22.74222043673319], [0.00012634820978004647, 4.810639720789678e-06, 0.9064315435091401]], "croping": [0, 20, 1270, 1008]}