{"homography_left": [[0.041591673950756226, -0.0015906933149454382, -6.9916392821882525], [0.0036006410706424345, 0.038249262853987415, -3.178348584000595], [4.723103281281655e-06, -4.574626540725904e-07, 0.03411509557209226]], "homography_right": [[1.1562996232227332, -0.03447599455819333, -93.91869165894332], [0.147360416203016, 0.9960507239062085, -103.96689057552419], [0.00021769974715568144, -6.490891415618493e-06, 0.8467612634123434]], "croping": [0, 94, 1266, 1026]}