{"homography_left": [[0.8380221782580732, -0.03409793856952039, -67.76366071713744], [0.0744190238600613, 0.7648237056125006, -56.025614995545425], [0.00010921228357045826, 9.43580655909552e-07, 0.6831530696436435]], "homography_right": [[1.107145930312678, 0.004551979793799466, -80.422495276664], [0.1030429627752907, 1.0004321084150167, -74.50205125702132], [0.00014882553087968854, 6.11889355158896e-07, 0.8924050574309098]], "croping": [0, 67, 1294, 1367]}