{"homography_left": [[-0.02341203635403187, 0.003068950778034469, -4.4879923550823655], [0.003071416547534008, -0.030972909062301462, -2.2206459943991805], [1.0271423247332266e-05, -9.110904020927452e-07, -0.038546158278674275]], "homography_right": [[0.8189407096287654, -0.06326918278453066, 164.52804777093536], [-0.056538369921192363, 1.0073479127496066, 36.73975345847089], [-0.0002473447712445631, 1.910919967547367e-05, 1.1677692674713296]], "croping": [141, 58, 1409, 902]}