{"homography_left": [[0.09277762037707371, -0.0024589580805346547, -18.609079416992756], [0.013280025312065735, 0.0778823953310918, -11.23785912951206], [2.2025070919642128e-05, -5.933368346804405e-07, 0.06031640013667954]], "homography_right": [[1.2576884285730068, -0.025861971697275922, -171.57020385603573], [0.21398358949252413, 0.9958112324360197, -151.80624995006804], [0.0003581941417630427, -7.365581606659517e-06, 0.7460776319982054]], "croping": [0, 124, 1228, 982]}