{"homography_left": [[0.09566031257417804, 0.0156854049750515, -26.429530697603226], [3.55293483052313e-05, 0.084139029838313, -1.1260221670169983], [1.9194357203511933e-05, 3.451870189042966e-06, 0.06519251876729776]], "homography_right": [[1.170770993846848, 0.1971039866086248, -264.86998592794043], [0.018630505581112233, 1.0172090379885022, -25.804471370122428], [0.0002564558667000576, 4.3175372452354934e-05, 0.7842655078102629]], "croping": [23, 1, 1199, 1205]}