{"homography_left": [[0.04349257809322448, 0.0012806296222423771, -3.6294887491948487], [-0.0001280334339926292, 0.04387938709417679, 0.08736848304149447], [-2.296217183071135e-07, -1.5142628404160032e-07, 0.04416751865011251]], "homography_right": [[1.0304050474847875, 0.0027275627837855553, -23.85547939337266], [0.027761482007933158, 1.0000769903205244, -20.043700076489586], [4.2234098580542955e-05, 1.1179696351081785e-07, 0.9695109552082812]], "croping": [0, 20, 1344, 1416]}