{"homography_left": [[0.07062786963791415, -0.0038319444158329222, -8.434822377803158], [0.003508697392443201, 0.06716283682336618, -3.2583660339315514], [4.039617156748984e-06, -8.641006947416045e-07, 0.06423260705219942]], "homography_right": [[1.0761930466137057, -0.010488344254028925, -47.30738569896744], [0.0859858539121001, 0.999209489517048, -61.340647268986686], [0.0001058896296907841, -1.0319773879074625e-06, 0.9245024903419288]], "croping": [0, 59, 1274, 1395]}