{"homography_left": [[0.07099261388844122, 0.007254293536190216, -22.109877259246858], [0.002605419241346125, 0.06299910988024361, -3.1035237326400846], [4.750488923344878e-06, 8.936426940125855e-07, 0.05661902748345554]], "homography_right": [[1.1180842046195396, -0.000387466253021831, -84.81139554943684], [0.08890974326625835, 0.9999692488385622, -63.99840952452962], [0.00016400592314747114, -5.6835397774857776e-08, 0.8819464264486192]], "croping": [0, 58, 1262, 1022]}