{"homography_left": [[-0.15562298108286254, -0.007595827904155798, 38.029100430611805], [-0.014334547828901603, -0.1439874094857519, 16.738695151976273], [-2.8081753515845427e-05, -8.583791113168406e-06, -0.107734175941083]], "homography_right": [[1.2172321923559735, 0.006220074480060056, -159.7660187155334], [0.1578239881161521, 1.0008195389503913, -114.0758224768407], [0.0003017295114246589, 1.5418422595782407e-06, 0.7819221569540733]], "croping": [0, 94, 1232, 980]}