{"homography_left": [[0.037054934568509876, -0.00012805674538344082, -5.293974870547011], [0.0018237928876556316, 0.035132713897278116, -1.596527342293463], [2.653929108825822e-06, -1.311983114125144e-07, 0.033118636079091775]], "homography_right": [[1.1140353934250875, -0.013367848315285258, -74.88684517580896], [0.09757915338352113, 0.9989010918471191, -69.66358003357948], [0.00015848247144812925, -1.9017076579915504e-06, 0.8869195426926624]], "croping": [0, 64, 1300, 1032]}