{"homography_left": [[0.09192873948622823, 0.0023025861422697625, -7.757878096341926], [0.0013548577454235038, 0.09080467387084303, -0.19440972187445027], [1.0073031027557161e-06, -1.5023450964582492e-06, 0.0922610866401766]], "homography_right": [[1.0086684126724368, -0.009318464830425621, 0.46803755375185574], [0.017949072303070406, 0.9998768525477751, -12.834665892608882], [1.2098727498129475e-05, -1.1177267501171915e-07, 0.9913693925273552]], "croping": [1, 19, 1329, 1439]}