{"homography_left": [[-0.030047191484747802, 0.005232199268873826, -20.63489608275854], [0.014481848466968192, -0.05813519886826668, -8.825260695242212], [3.298738930114411e-05, -5.430574710334939e-06, -0.07625565239760804]], "homography_right": [[0.569224780867213, -0.09771212246975741, 380.51088595383203], [-0.24717604968468904, 1.0570561156950113, 136.88635247256798], [-0.0005782774354043367, 9.926608518982773e-05, 1.3448881721544466]], "croping": [283, 116, 1439, 1100]}