{"homography_left": [[-0.09550945060775048, 0.017430718945969134, -31.647514878466282], [0.006471409558737772, -0.12922716662883504, -2.6944170260113616], [3.971749261190709e-05, -6.73688925756301e-06, -0.15155198180399082]], "homography_right": [[0.767011558013702, -0.13718541236474233, 266.5251751327489], [-0.041304239168244744, 1.023256560344843, 12.994328752849242], [-0.0003018990651834222, 5.399677138760683e-05, 1.178489651532987]], "croping": [227, 18, 1383, 1170]}