{"homography_left": [[0.01909009307213314, -0.00023499892345026118, -2.5072433089632007], [-0.0011895704803982486, 0.019760477012852558, 0.9329415694108434], [-1.892946641940832e-06, -1.7403043170826894e-07, 0.021249209644040454]], "homography_right": [[1.0146603909432894, 0.0068273280725804145, -14.242238638361869], [0.004283740187285865, 1.000051461260457, -3.1120820154926605], [2.039309411353968e-05, 1.372186646595192e-07, 0.9852428741593353]], "croping": [0, 44, 1348, 1056]}