{"homography_left": [[0.034639242845401076, -0.0015368324609542814, -1.6488974750346514], [-0.00045317657686873595, 0.035530637142458764, 0.339546654864499], [-1.7294350890125306e-06, -6.372172852021066e-07, 0.03752539188559227]], "homography_right": [[1.0135352073114416, -0.014265391238545191, -2.0420379954234704], [0.024299173669208862, 0.9997570382163091, -17.364205678637518], [1.893644970500465e-05, -2.665283472761662e-07, 0.9865096815199258]], "croping": [0, 18, 1354, 1050]}