{"homography_left": [[-0.18802227093857035, -0.004712893319227361, 6.7239354159788824], [0.004642699774900936, -0.195241002602248, -2.8972196022020764], [4.0483338500299905e-06, -1.2283063459430274e-06, -0.1966754563660495]], "homography_right": [[0.9935476366417825, 0.006942232605097426, -0.35270585775356267], [-0.013415099702466054, 0.9999306754452462, 9.708785465198389], [-8.927712431133548e-06, -6.238075965621245e-08, 1.0064728670973686]], "croping": [10, 15, 1382, 1431]}