{"homography_left": [[0.04340211727959218, -0.0015137589020017732, -4.226370088250988], [-0.0009614750469212621, 0.046421177536826154, 0.09234814425605009], [-1.3025659909571613e-06, 5.663522708730429e-07, 0.046223255762030284]], "homography_right": [[1.026559538576702, 4.4096884010300353e-07, -19.123185272790124], [0.02655910901686745, 1.0000000114088212, -19.122566706495945], [3.6888248023325154e-05, 1.5845713115510844e-11, 0.9734404500142925]], "croping": [0, 19, 1242, 1421]}