{"homography_left": [[0.001590006032251767, 0.0004736430271410763, -16.045274713270285], [0.016486807479471233, -0.020259674277388007, -13.369990147927188], [3.0773122956704495e-05, 4.001755039796315e-07, -0.04534506641328844]], "homography_right": [[-0.025192776216976465, 0.0001168915019140104, 738.0756774651896], [-0.764246677325997, 1.0035567783830495, 548.3369473478712], [-0.0014238639057494117, 6.606560111943583e-06, 2.021614469679127]], "croping": [366, 19207, -32476, -24599]}