{"homography_left": [[-0.025403365418197106, 7.982908598150312e-05, 0.9780953720481282], [0.002119624803352575, -0.027498902862232093, -1.6247772162071064], [2.8751763313425145e-06, -2.3816904869944345e-08, -0.02986756515544091]], "homography_right": [[0.9860965203305381, 0.018622610649297537, -0.045704388608101], [-0.029175715323184234, 0.9996273204754236, 21.207761975963876], [-1.9062781022489343e-05, -3.6000405797562493e-07, 1.0139196045274992]], "croping": [20, 55, 1378, 1047]}