{"homography_left": [[-0.06457376964379188, -0.004234350497015655, -1.878251062323077], [0.013518877746524598, -0.072841155754447, -10.94481874409095], [1.2528825643585523e-05, 1.1049732644984349e-06, -0.0840551489383641]], "homography_right": [[0.8829053861050487, 0.05330875072124411, 45.92582148506915], [-0.17554580650575555, 0.991221898545053, 132.71321373170565], [-0.00016010664460035823, -9.667043989241006e-06, 1.1222370557845114]], "croping": [111, 131, 1437, 1403]}