{"homography_left": [[0.061066905377125696, -0.0029003081086752106, -6.379605990520716], [0.0019139363523264213, 0.058833754762108045, -1.9971740773398352], [4.3160075869357495e-06, -2.1331486582597758e-07, 0.054902234160329126]], "homography_right": [[1.0986596911852344, 0.006529750167270466, -74.561042743695], [0.06806474111138526, 1.0004221962221296, -49.23459956014733], [0.0001370518785974192, 8.145511611796691e-07, 0.9008827897828211]], "croping": [0, 45, 1288, 1027]}