{"homography_left": [[0.039772249863158166, 0.0001621280289015682, -2.503638333265748], [-0.0009404200659075674, 0.04017896900886333, 0.9974707560270915], [6.963806049360986e-08, -1.9122832267473713e-07, 0.0404532294227591]], "homography_right": [[1.0236620557826268, 0.024724854501833184, -34.83857540481108], [-0.00019267458655181785, 1.0002869955777651, -0.06791111367351732], [3.326891675009927e-05, 8.035553544581873e-07, 0.9754678200847187]], "croping": [1, 25, 1349, 1405]}