{"homography_left": [[-0.08847157403631427, 0.0005286627479759919, -3.4984139701962533], [0.0064600604105713635, -0.0967155562076616, -4.9854274236829905], [1.0035558137475373e-05, 2.3917144609294084e-07, -0.10457014635946664]], "homography_right": [[0.9347435502614543, -0.007832843544160499, 52.62429116354838], [-0.0568419652011811, 1.0005114258027226, 40.557988366890186], [-9.058519742125679e-05, 7.59074163837913e-07, 1.0646748087453415]], "croping": [50, 48, 1440, 1384]}