{"homography_left": [[-0.025928266748706238, 0.000582784588487665, -0.962884004002273], [0.003800938118381966, -0.03142075706489147, -2.8299312191535293], [6.699431581154533e-06, -2.242845249005238e-07, -0.036457856195798714]], "homography_right": [[0.905821960388754, 0.004803809216512659, 65.2141315431802], [-0.07592616847565775, 0.9996114059841505, 54.87668207103229], [-0.00013078330225756035, -6.935778334201548e-07, 1.0945385096554903]], "croping": [65, 78, 1391, 1000]}