{"homography_left": [[0.06264800648213746, -0.003319271689488196, -7.683881547444287], [0.004203962570822928, 0.0586842178271002, -3.751553024727251], [6.285191588333819e-06, -1.489630277870177e-07, 0.05327733592621355]], "homography_right": [[1.1265618057828601, -0.016459865438428554, -82.23617282690793], [0.10961054243923193, 0.9985052430817424, -78.11242182038802], [0.00017592850706819575, -2.5704400222532257e-06, 0.8747195125229158]], "croping": [0, 71, 1268, 1029]}