{"homography_left": [[-0.15104910848977987, 0.0011681850091370908, -2.8873186649962372], [0.007217636913004024, -0.1591812495986301, -5.658686745645706], [1.0966324939934704e-05, 2.656726281327149e-07, -0.1678755063847314]], "homography_right": [[0.954523050309645, -0.004746584597766359, 36.16094468744723], [-0.04049191823261936, 1.0002137192833553, 29.000303243469943], [-6.314525819728894e-05, 3.140042661976594e-07, 1.0452385028303857]], "croping": [35, 34, 1439, 1402]}