{"homography_left": [[0.05237909817652751, 0.0011459617392383893, -3.1252902388019947], [-0.0023326781185928074, 0.05382022103485183, 1.8637311663930944], [-9.381591778890147e-07, -2.2046617528140262e-08, 0.05461905946490896]], "homography_right": [[1.0079599137723154, 0.03023687396204189, -27.501687168737135], [-0.021575050336121237, 0.9998026312360083, 15.676141752081321], [1.1679934834880377e-05, 3.5037575667608915e-07, 0.9913381763740794]], "croping": [17, 35, 1357, 1411]}