{"homography_left": [[-0.023159380576226345, 0.00030019244768999365, 1.1702239701031856], [0.0019618689365366606, -0.024911484159485832, -1.634261095270708], [2.69486252899833e-06, -6.852670729990627e-08, -0.02696721904469726]], "homography_right": [[0.9769420578818945, 0.01555326695513218, 8.202954169264558], [-0.03311676843646378, 0.9995994900672127, 24.06034863795901], [-3.1848940707837315e-05, -5.070465265270166e-07, 1.0232050424339674]], "croping": [25, 61, 1375, 1055]}