{"homography_left": [[0.04077405155995764, 0.0004320457909059508, -6.132125610519381], [0.0016574121372135422, 0.039715746642990477, -1.7410315138535708], [1.913010837470007e-06, 8.877712541798042e-07, 0.03722963407017191]], "homography_right": [[1.1021878319323009, -0.01802295428245098, -63.84284367873306], [0.09309091917184349, 0.9986114637781268, -66.27565224391572], [0.00014211319272997198, -2.3238322011005033e-06, 0.8989333706230145]], "croping": [0, 62, 1294, 1040]}