{"homography_left": [[-0.02127780992855046, -0.0008312420345032615, -1.2066600279456918], [0.004552884113412335, -0.02651777851899546, -3.6770649105798654], [7.117231497084556e-06, 1.0941793056296837e-08, -0.03211521150268491]], "homography_right": [[0.8591400614934794, 0.021110547717603904, 90.0194599571887], [-0.12998294685117417, 0.9971079347448937, 95.14943697060278], [-0.00019521970897919282, -4.796883728897416e-06, 1.1431485076786234]], "croping": [100, 115, 1440, 1005]}