{"homography_left": [[-0.07389132769444269, -0.002185917994393723, -0.7931079310619769], [0.0076898297696393805, -0.07952069139189136, -6.131369450988083], [7.218068429824752e-06, 2.814201828617096e-07, -0.08542014649308233]], "homography_right": [[0.9436743400460522, 0.02851151207598291, 20.026186472134782], [-0.08606906591233529, 0.9978558873550781, 63.513488561225245], [-7.759659801762384e-05, -2.3444489773100188e-06, 1.0575575538363524]], "croping": [58, 72, 1428, 1418]}