{"homography_left": [[0.13127871356188642, 0.005873387425141773, -52.780121738817456], [0.03330158831803444, 0.08454587778785579, -28.550017743885487], [6.63968802528097e-05, 2.2855246536141556e-06, 0.02601473427988492]], "homography_right": [[1.6810272746041828, 0.05462716677163207, -519.8383077716927], [0.47868699069666965, 1.016083421536639, -353.3396809313872], [0.00094660397437224, 3.07611268156835e-05, 0.30183412997151826]], "croping": [0, 202, 1120, 844]}