{"homography_left": [[0.0767066018856323, -0.0004669650787276084, -3.9080676933130007], [0.007334212334923849, 0.07252964961862202, -3.5416904884500013], [9.819238860704648e-06, -2.597902916656172e-07, 0.06794626388316032]], "homography_right": [[1.0826630286153185, -0.005442322124818837, -35.75978180548327], [0.12904022278816157, 0.9993639758481324, -61.48136954897291], [0.0001722409639501282, -8.658195432283219e-07, 0.9179477273750628]], "croping": [0, 58, 896, 1386]}