{"homography_left": [[0.12000307297662073, 0.012351214981476934, -25.91466883854946], [0.008842422478109901, 0.10357369355137593, -7.455261290574413], [2.6047557253006614e-05, 3.342551671285676e-06, 0.08017545901956906]], "homography_right": [[1.1929348426324562, 0.11650730677474343, -222.79834757318372], [0.10046820307006216, 1.0145700225375405, -82.82752243747382], [0.0002745418957914731, 2.6812978992979034e-05, 0.7830244901551945]], "croping": [0, 53, 1248, 1251]}