{"homography_left": [[-0.08061843134722087, 0.003348863077128881, -1.349628628423122], [-0.0021685538283641613, -0.08248791823521613, 1.2630938642709917], [2.2863131618874553e-06, -4.973878150475169e-08, -0.08440939369411371]], "homography_right": [[0.9899949647554035, -0.04671929310061694, 40.84151640855373], [0.038245608911013314, 0.9993080314228816, -27.038621040404337], [-1.235191031741787e-05, 5.829044985239459e-07, 1.0084736841896036]], "croping": [41, 29, 1387, 1391]}