{"homography_left": [[-0.014898476911168506, 2.6256306959599195e-05, -2.817041575720379], [0.004814083067120098, -0.021473168502306607, -3.8369022425706083], [9.049785765335191e-06, -8.571440524452606e-08, -0.028874599229028484]], "homography_right": [[0.7683241125759304, -0.004363242014306216, 169.16278963305558], [-0.1680660055974981, 1.000970556266401, 120.48342364634209], [-0.00032174967057717693, 1.827186805376727e-06, 1.230673081940664]], "croping": [138, 133, 1440, 933]}