{"homography_left": [[0.1626323350491021, 0.00020435383700721451, -8.751229365523784], [0.006289009947883962, 0.156798265783918, -4.744845025708003], [1.0073850406398942e-05, -2.9058233355911246e-07, 0.1495428740352583]], "homography_right": [[1.0556893947934647, 0.005933807492140842, -44.36870564563583], [0.05008449069561954, 1.0002973108722497, -36.27489712886586], [7.736832090901056e-05, 4.3487101843441373e-07, 0.9439817018122396]], "croping": [0, 34, 1374, 1396]}