{"homography_left": [[-0.07054195458078928, 0.0003034046983487238, 0.6293737995838133], [0.0020557854154119363, -0.0735752822451365, -1.670305446106384], [2.1813392500079296e-06, 2.5135338455982454e-07, -0.07563641043093759]], "homography_right": [[0.9936881341241063, 0.005998347627013302, 0.2257331391938351], [-0.012329985921751985, 0.9999437898618461, 8.918061163132279], [-8.741176411443365e-06, -5.276566458258362e-08, 1.0063316382947387]], "croping": [9, 23, 1391, 1429]}