{"homography_left": [[-0.030063991488295277, -0.00019464857743704367, 1.6526629266325301], [0.0029438224271484373, -0.03163944710394201, -2.3018372348775635], [2.66264724648307e-06, 6.64567901760588e-07, -0.03437131481651157]], "homography_right": [[0.9908197909091281, 0.04557751152209455, -18.00210567650322], [-0.05204412982181728, 0.9986634121604006, 38.193530905092246], [-1.1283186645390704e-05, -5.190243211274358e-07, 1.0084041675180901]], "croping": [31, 67, 1363, 1049]}