{"homography_left": [[0.19077618457976403, -0.020984040888191915, -23.23070933140042], [0.03223945719959938, 0.16140057491380863, -24.89683343274649], [3.166260133579684e-05, -5.035833558818861e-06, 0.143108020397536]], "homography_right": [[1.1634943781859206, -0.06833468468069911, -68.51497932375946], [0.22384591903299877, 0.9885762733529189, -152.94397851786061], [0.00022946481887868163, -1.3476993389376559e-05, 0.8444887656477004]], "croping": [0, 145, 1218, 1377]}