{"homography_left": [[0.09082176829773345, -0.00015460252367031026, -15.586216948386365], [0.011200643287673277, 0.07945593627454393, -9.11725272014914], [1.6547631305046057e-05, -5.276486151887974e-08, 0.0659621800084914]], "homography_right": [[1.1805545102093693, 0.008446035798901942, -136.0803931259552], [0.17342598880219487, 1.0012663324126438, -125.77847127468385], [0.0002508056961095988, 1.794338058591224e-06, 0.8181279753989033]], "croping": [0, 106, 1280, 1324]}