{"homography_left": [[-0.025710381632140566, 0.0032268861082533633, -3.82048189919031], [0.006487458000986334, -0.03352627163982881, -4.510436129695075], [1.0405759437854569e-05, -1.953388441168567e-06, -0.03939129473655697]], "homography_right": [[0.8395961878986651, 0.018033876089680087, 105.75245162453393], [-0.14160418269309846, 0.9971891037576044, 103.47289550992457], [-0.00022246279627689169, -4.778328630412292e-06, 1.1627535107797846]], "croping": [109, 115, 1407, 981]}