{"homography_left": [[0.08665933274795323, 0.007289616841218707, -18.540106993299972], [0.008665302417033283, 0.07366266111691164, -6.889916098500436], [1.9391477125996974e-05, 1.7754785962463765e-06, 0.05687262287430677]], "homography_right": [[1.2080040111174175, 0.08962149188241217, -214.2903621598773], [0.13675836535068248, 1.0128943477737846, -107.74995344961621], [0.0002927010559560609, 2.1715412423237236e-05, 0.7736201427669054]], "croping": [0, 75, 1252, 1261]}