{"homography_left": [[-0.08834123672770294, 0.011585121215778444, 11.710563730652595], [-0.03184939220751254, -0.06223274525974212, 21.2479664413502], [-3.257615490347864e-05, 4.530372470549723e-06, -0.04482319169080905]], "homography_right": [[1.3477815326708034, -0.1729751777742925, -125.86057552548789], [0.4832134080310345, 0.9461860965096568, -309.1676432692976], [0.0004943289350124228, -6.344250410028104e-05, 0.6897617697432579]], "croping": [0, 276, 1158, 1334]}