{"homography_left": [[0.04316659595744507, 0.002161707669296767, -12.968255015384443], [0.003921829210905578, 0.03720883882286603, -3.917593343530797], [1.026073918661605e-05, 1.0387361983919883e-06, 0.027112460392760124]], "homography_right": [[1.2844455490521423, 0.052088180722128674, -232.92841290749186], [0.17343036595947625, 1.0078550668026538, -129.11159956425604], [0.0003962039042317263, 1.6067275550656555e-05, 0.7060568601558025]], "croping": [0, 95, 1174, 933]}