{"homography_left": [[-0.04223305043606644, -0.0007139500160812693, 1.2203192059106587], [0.0011887324285135255, -0.044025370565289386, -1.104397135032711], [1.4811501821070305e-06, 3.6582188098078762e-09, -0.04525173111041404]], "homography_right": [[0.9968066466564404, 2.079916058353761e-05, 2.2842390117426703], [-0.003214218918295927, 0.9999999331504658, 2.314285752837691], [-4.435212674817923e-06, -9.254422706259686e-11, 1.0031934197577124]], "croping": [3, 25, 1381, 1425]}