{"homography_left": [[0.075718492771014, 0.0026631829506616606, -18.82333396735578], [0.007975615105683072, 0.06629039134083527, -7.428461321258133], [1.7817715284623682e-05, 3.000817272413663e-06, 0.049013461327660116]], "homography_right": [[1.260140680281849, 0.02777109127339039, -202.29767909056204], [0.1732548345896925, 1.004061014484998, -126.93642872647763], [0.00036164365350592264, 7.969934680395391e-06, 0.7353128047483222]], "croping": [0, 98, 1194, 954]}