{"homography_left": [[0.03869449696129983, 0.0025239959249438266, -10.248940178692955], [0.002621483732313754, 0.03457435601873878, -2.636700561438367], [6.097463949639333e-06, 3.521084837720544e-07, 0.028295399381208966]], "homography_right": [[1.2069436292210818, 0.018263722753603395, -158.86182332612452], [0.1401630997004616, 1.0022354625762322, -102.1245815754977], [0.00028758069643146524, 4.3517310848246525e-06, 0.7905919637835397]], "croping": [0, 83, 1226, 977]}