{"homography_left": [[-0.04099419308755318, 0.0005970840160420303, 4.758767823141877], [0.0016179371092632838, -0.041179004765812134, -1.340468688302345], [2.581162632898276e-06, -1.3090670654506767e-07, -0.04316649112353705]], "homography_right": [[0.9819752138757968, -0.0066361562437364996, 17.75587850491661], [-0.011244139003226036, 1.0000988223214147, 8.02462801090428], [-2.50027108976253e-05, 1.6896749906622497e-07, 1.0178802952469626]], "croping": [18, 32, 1346, 1398]}