{"homography_left": [[0.04493939320677914, -0.0009409526253357837, -3.0418609507035157], [0.0007492982343683746, 0.044310979592030564, -0.34068124749659745], [5.397587537589967e-07, -3.282325384340118e-07, 0.04432455613059465]], "homography_right": [[1.03230668624837, -0.008932909504495894, -16.829119255589376], [0.040997148890648455, 0.9996826769027441, -29.289474571242636], [4.492239495262392e-05, -3.887291385231461e-07, 0.9679357606138475]], "croping": [0, 29, 1350, 1423]}