{"homography_left": [[-0.03222527942684373, 0.000897234429673637, -3.466918277482633], [0.006242106456215472, -0.039685193034341724, -4.823979080163614], [1.0558985202155537e-05, -1.9196370354854718e-07, -0.0475234585094473]], "homography_right": [[0.8461816653142447, 0.010572308357872684, 105.04015446049254], [-0.1277983794786581, 0.9984813183988296, 92.83492128926582], [-0.00021352818348904359, -2.6678500509748457e-06, 1.1551809311396377]], "croping": [102, 102, 1440, 998]}