{"homography_left": [[-0.021634643739624624, 0.0013305639264009459, -1.5120643690191287], [0.003417248919220425, -0.02598333851016886, -2.825588228998589], [6.62933405104531e-06, 9.587317041721464e-08, -0.031391204827074845]], "homography_right": [[0.868116689658596, -0.006256991322014056, 98.33475875969839], [-0.09168564354644147, 1.0006868025553821, 65.64278997353153], [-0.00018313519026500234, 1.3199553814524065e-06, 1.1311445610848174]], "croping": [87, 91, 1435, 987]}