{"homography_left": [[0.034885863740618105, 0.006511607659595566, -9.791035259257136], [-0.0023774924521194254, 0.031134384196169377, 1.7219983825192848], [7.003859522028584e-06, 1.4589218970367628e-06, 0.024042751751486676]], "homography_right": [[1.190708969459186, 0.24058650179564478, -267.2271689802619], [-0.04016291942641226, 1.012093501183971, 22.386811347672733], [0.0002923850267130129, 5.9077316589174415e-05, 0.7575810298084765]], "croping": [0, 72, 1184, 850]}