{"homography_left": [[0.06381956366492164, 0.005221285564091914, -22.42397203206535], [0.005718486079906989, 0.05554418296891355, -6.324059520835235], [1.0092811816711251e-05, 1.1431490167185601e-06, 0.04408221609487633]], "homography_right": [[1.2287328732776823, -0.010377329719090736, -159.08391071162214], [0.1800216540191779, 0.9985152804709523, -128.81384234812242], [0.000317734076472707, -2.6834402710758493e-06, 0.7726805226860319]], "croping": [0, 107, 1184, 983]}