{"homography_left": [[0.14827936229209368, 0.029201088976341306, -36.21217287141735], [0.02082287223757298, 0.12897201597412702, -14.987476139423748], [6.083021477317364e-05, 1.295745228645207e-05, 0.08278192872327152]], "homography_right": [[1.2349837375487982, 0.23644550627448074, -283.0329585410494], [0.19119282591401054, 1.0547679119726416, -131.20545305902692], [0.0005267136691403162, 0.00010084268834888239, 0.6745707032014528]], "croping": [71, 45, 751, 1185]}