{"homography_left": [[0.031987623634473654, 0.0032881741036963298, -10.09238894006711], [0.0012639991843153963, 0.02681629914900971, -1.387578043706064], [7.284073849826028e-06, 5.606429319964684e-07, 0.019663055835249698]], "homography_right": [[1.2721109294168689, 0.1274527702696826, -264.74436512577427], [0.10812847429550104, 1.015839873560923, -86.40603321565914], [0.00038485065713763, 3.855818015397699e-05, 0.7020861095777589]], "croping": [0, 56, 1192, 898]}