{"homography_left": [[-0.03337702210050192, 0.004047951420183358, -16.50871596369057], [0.013808771628360972, -0.05530676558963811, -9.376527480067908], [2.7601986871243506e-05, -2.8976406647918574e-06, -0.07224665378534366]], "homography_right": [[0.6363213185974239, -0.07193785887693836, 313.64390900125045], [-0.24501171562569546, 1.0340694117985623, 151.87845875553603], [-0.0004963178247942862, 5.611008242951695e-05, 1.3169495745026338]], "croping": [239, 130, 1439, 1164]}