{"homography_left": [[-0.039501665151043586, -0.0002667877295349949, -1.284583340463799], [0.0057460793558387815, -0.04657968130086511, -4.244757743957164], [9.332797843388305e-06, -3.7940894508309633e-07, -0.05365741729926955]], "homography_right": [[0.8943367784437645, 0.011501824531167356, 69.86653427365911], [-0.0920450667980121, 0.9988989289553556, 66.8670264586766], [-0.00014663962863264418, -1.8858927850234573e-06, 1.1065989147194164]], "croping": [75, 80, 1437, 1008]}