{"homography_left": [[0.05604401218021632, 0.0006064427189606445, -12.983716339697104], [0.005105583590476779, 0.04831136317930793, -4.564002488996692], [1.2163633422981857e-05, -7.100399802682398e-08, 0.03743415206088986]], "homography_right": [[1.2424826150075012, 0.03738354664835543, -194.77459799551275], [0.15212703607365982, 1.0050297001030086, -112.24750402865982], [0.0003374096461742258, 1.0151908038796276e-05, 0.7515830244136075]], "croping": [0, 87, 1232, 955]}