{"homography_left": [[-0.03812398363781816, 0.0009372729176100113, 14.45705670992719], [-0.012151728648954942, -0.0221832539727976, 9.72728214447326], [-2.1537419251651754e-05, 5.647351449787901e-07, -0.005184320464382841]], "homography_right": [[1.732220267057857, -0.045829277854419634, -502.45078224027037], [0.5758752542823754, 0.985114016990593, -406.5917522582303], [0.0010174584287895385, -2.6918854331104276e-05, 0.28196611261032856]], "croping": [0, 242, 1106, 864]}