{"homography_left": [[-0.015813473841471186, -0.00028710954616553166, -2.484364531186065], [0.008487725558726011, -0.022260489261498734, -6.997485123462932], [1.0264710632361558e-05, 8.644020826182285e-08, -0.03097232478339402]], "homography_right": [[0.7080005225195065, 0.03149037187415912, 187.56655603656054], [-0.3354457649472735, 0.9860687317649506, 251.5514638912723], [-0.00040418305716566556, -1.797721099143772e-05, 1.3039553930731143]], "croping": [183, 226, 1439, 1264]}