{"homography_left": [[0.11872123086801989, 0.00826167820261444, -24.349629602715197], [0.014125203037906361, 0.10004039969755843, -11.000778246519602], [2.656400119455647e-05, 1.1785609878104124e-06, 0.07855612570409087]], "homography_right": [[1.2044039671346423, 0.05687892559680284, -188.1236827666405], [0.1583440307925405, 1.008592437941751, -120.1942574886898], [0.000285440614987663, 1.3480157775313879e-05, 0.7847770436106567]], "croping": [0, 91, 1254, 1283]}