{"homography_left": [[0.02974649766676183, -0.007839804218927802, 0.3670311143109757], [0.008026244680860103, 0.02627004418685296, -5.656275066201054], [3.1525971227864917e-06, -1.6386660773796806e-06, 0.026413212234837648]], "homography_right": [[1.1232797367899372, -0.27218097247780354, 58.216314649259175], [0.3490474103976421, 0.9443607709535091, -221.2689518011972], [0.00021028337269005066, -5.095358796220663e-05, 0.8761109091627551]], "croping": [67, 239, 1189, 921]}