{"homography_left": [[-0.025285637873223552, 8.806315795573427e-05, 0.7377468884799805], [0.002932065750571874, -0.027820258070568142, -2.5821093237177015], [3.687903991049301e-06, 3.048266934267701e-07, -0.03126414102256488]], "homography_right": [[0.9344347966397437, 0.008135725979878768, 41.349223713871766], [-0.07423354761134092, 0.9993915816023189, 53.8862155264959], [-9.101014346808146e-05, -7.92386575615962e-07, 1.066097821631462]], "croping": [50, 83, 1374, 1383]}