{"homography_left": [[0.3228130342228678, -0.007524261621542676, -53.09887917858288], [0.034328655682092785, 0.27211390983447514, -25.3961810378446], [4.5977386942279024e-05, -2.541803384764911e-06, 0.24014039916888455]], "homography_right": [[1.1287968473179397, -0.005647139684827329, -88.66778949584068], [0.1338120938687261, 0.9993430793738499, -95.87172473465489], [0.00017890189036665866, -8.950095556881256e-07, 0.8718350458161013]], "croping": [0, 86, 1324, 1360]}