{"homography_left": [[0.06911117137831323, -0.0027739197456525294, -12.689476568282444], [0.009006970602822455, 0.0605790228388186, -7.844979768408521], [1.470939270932888e-05, -7.9802309716745e-07, 0.04851228167685572]], "homography_right": [[1.2378788388066002, -0.02285939908554587, -158.92868843455744], [0.19700041757001563, 0.9965325672721855, -139.96788697739157], [0.0003306240314646818, -6.105497925636676e-06, 0.765247666225273]], "croping": [0, 116, 1216, 988]}