{"homography_left": [[0.02304453392634813, -0.0022520361097201945, -1.662045407776354], [-0.00015224772457935734, 0.0235465809913036, -0.006038566384624744], [-7.745111495147399e-07, -5.283074294376122e-09, 0.023815542060973718]], "homography_right": [[1.0567916219609013, -0.014009427456870423, -33.32487698513887], [0.05591500990244929, 0.9993466234090895, -39.905983770671924], [7.899927589866308e-05, -1.0472590829155523e-06, 0.943686041257737]], "croping": [0, 39, 1280, 1059]}