{"homography_left": [[0.07347828472365917, 0.02884750660412245, -32.38501862368242], [-0.0064450500665067, 0.05998394853411737, 3.0482708136594177], [2.8494240681788846e-05, 1.2757974167905157e-05, 0.02752225052746663]], "homography_right": [[1.3191975944398644, 0.5411158647569487, -522.0248349654547], [-0.08399580435930265, 1.046403304460048, 35.419194730271954], [0.0005472305202471563, 0.00022446608258914114, 0.48478234082391125]], "croping": [86, 111, 1070, 689]}