{"homography_left": [[-0.0731354075375687, -0.007161640695540573, 25.271877335499127], [-0.011338706013657756, -0.057214893614614466, 11.142033006440425], [-2.8514849750825252e-05, -5.382255928496017e-06, -0.027645480764645097]], "homography_right": [[1.436091627597086, 0.11119373094990906, -374.03058658285283], [0.2521098604412239, 1.0225134371513764, -193.67635557942458], [0.0006098274524347192, 4.721773205053412e-05, 0.5354266589397136]], "croping": [0, 120, 1164, 868]}