{"homography_left": [[0.25770148965141715, 0.0036061591436020663, -22.765932610045297], [0.016226365017775315, 0.2403188494630933, -12.527702416440604], [2.9256159097033798e-05, -9.266961209432757e-08, 0.21809386714290344]], "homography_right": [[1.0959124868957444, 0.022046491856495442, -84.93046470161244], [0.07600182352974336, 1.0017312568458894, -55.96781787045575], [0.00013349273988617612, 2.6854759280444462e-06, 0.9019516846137612]], "croping": [0, 49, 1338, 1361]}