{"homography_left": [[-0.014756022676960582, -0.00043359534859039326, 0.4249915686177581], [0.002703221233589804, -0.017399395412984082, -2.275317567492855], [4.332367654786862e-06, 3.492857255995587e-08, -0.021199280582291206]], "homography_right": [[0.9056271807528342, 0.017735406959312385, 58.371310099930724], [-0.09021564609923287, 0.9984249957980617, 65.80576746049451], [-0.00013080710613348252, -2.5616692053332227e-06, 1.0955644177869874]], "croping": [71, 108, 1391, 994]}