{"homography_left": [[-0.017952560409160875, 0.001231728915249113, -2.2387104915809544], [0.002900813809746475, -0.022994408687691197, -2.3613790679276967], [6.984104833243729e-06, -1.9097435282816664e-07, -0.028438072740162287]], "homography_right": [[0.8343214803841866, -0.03632697877257848, 138.905102660578], [-0.08004944393481363, 1.0044328618253187, 55.24185424739369], [-0.00022879439864148998, 9.96187855418399e-06, 1.1593525526026134]], "croping": [120, 84, 1438, 948]}