{"homography_left": [[0.1498860554002109, 0.013696754260300528, -36.91320447709272], [0.021674417460196438, 0.12106211248238515, -17.423102793583823], [4.501370853680496e-05, 4.085760209779322e-06, 0.08220082506333955]], "homography_right": [[1.2797504072020307, 0.11488019727697348, -284.13403522488284], [0.1943471898422523, 1.0214671240220274, -155.38630598228133], [0.0003941046321522423, 3.537784995779356e-05, 0.6907726128807743]], "croping": [0, 99, 1216, 1217]}