{"homography_left": [[0.013869216029583586, 0.0016799800208982417, -4.0748465042944595], [0.0003031869925563973, 0.012773426505618631, -0.24937069879684337], [1.6335152659279232e-07, -5.942295115721023e-07, 0.013136956791288982]], "homography_right": [[1.1284236401871548, -0.023898523700074704, -79.5598181367111], [0.11765980712047103, 0.9977323636524484, -83.49053749906125], [0.00017867754586666995, -3.784154649452022e-06, 0.8733956104867018]], "croping": [0, 77, 1188, 1031]}