{"homography_left": [[-0.13341011125969876, -0.013579959069284867, 31.26291690273979], [-0.01252898723052967, -0.11597893942236431, 10.668562838209112], [-2.4392127060376522e-05, -2.450678557101274e-06, -0.09384585357342226]], "homography_right": [[1.1560501401763248, 0.05024349244323918, -148.53141548608596], [0.11357289359793832, 1.005880029190525, -86.00610440769356], [0.00021804617849095645, 9.47657989956785e-06, 0.8361836139588226]], "croping": [0, 68, 1246, 1310]}