{"homography_left": [[0.027297711674233373, -0.0009726074764093986, -3.6435652210069733], [0.0009086490663003073, 0.025381026235425628, -0.6278222239139559], [2.498151285285923e-06, -6.099084785945107e-07, 0.0241054941069931]], "homography_right": [[1.1280498633356124, 0.017158137197504576, -101.46129568829338], [0.08091545859398451, 1.0013464319879286, -58.98620346115024], [0.0001780076695033784, 2.7075753606454913e-06, 0.870372387262819]], "croping": [0, 52, 1278, 1008]}