{"homography_left": [[0.054084551859835614, -0.0013927699345633662, -11.332570598425562], [0.007109059171999634, 0.04511051760187547, -6.114662701792859], [1.3132840724194102e-05, -6.786649204567436e-07, 0.03465647943860463]], "homography_right": [[1.274213062510145, -0.00393928349495986, -195.3061919200261], [0.20875490842734384, 0.9993594041897849, -149.95761233017117], [0.00038085811290635406, -1.177438940343318e-06, 0.7264179757352105]], "croping": [0, 119, 1230, 965]}