{"homography_left": [[0.04098236268924506, -0.0006114494727485515, -4.998879303791213], [0.0008340991440919327, 0.040265297157169457, -0.8777067611107796], [1.6992411293573109e-06, 6.224561173067067e-07, 0.03853412390318776]], "homography_right": [[1.082946732932518, 7.923329881168787e-05, -59.76443369277126], [0.06213688716766862, 1.0000045488932485, -44.74101516307553], [0.00011520379945700417, 8.428832913970637e-09, 0.9170487128211835]], "croping": [0, 42, 1280, 1038]}