{"homography_left": [[0.06970192840693992, 0.004223534245310821, -16.39051035738595], [0.001627804356035113, 0.06626540856704635, -2.8070856185135185], [7.634761457314508e-06, 3.690390734834557e-06, 0.05487660535246705]], "homography_right": [[1.151061162863502, 0.03999361139955859, -130.36058741748298], [0.07902412903410772, 1.0033491179545075, -58.70589659999166], [0.00021064475576377262, 7.3188504461515405e-06, 0.8443835966091618]], "croping": [0, 48, 1266, 984]}