{"homography_left": [[-0.12687713499968273, 0.005729299878716914, 1.2907168306551258], [0.0035239812382639566, -0.12991068668367745, -2.3690237042871924], [4.096881274951373e-06, -1.404825619708607e-06, -0.13122467722910602]], "homography_right": [[0.989248475728831, 0.003811189138952882, 4.997041295195572], [-0.014596685033641506, 0.9999511859334623, 10.544759352129063], [-1.4922365346749988e-05, -5.749006253976775e-08, 1.0107854958946887]], "croping": [11, 19, 1359, 1421]}