{"homography_left": [[0.0820548951843518, -0.0012212534369522214, -2.459387817854676], [0.0017542850644657378, 0.08118550090173167, -0.9652694172161915], [1.2336871556655289e-06, -3.645939133115143e-07, 0.0808345145894423]], "homography_right": [[1.0205877366873144, -0.013021526647392258, -5.447671228743957], [0.0334269333059425, 0.9996549015701527, -23.81892111078855], [2.8707112344244426e-05, -3.6626976292464445e-07, 0.9795945933414497]], "croping": [0, 24, 1388, 1434]}