{"homography_left": [[-0.04497924499296549, 0.0010615718578770952, -0.37819511349237245], [0.0021864189303040355, -0.04899942242588039, -1.7674363153042223], [4.599940553249896e-06, -3.089799188676456e-07, -0.05225466011696619]], "homography_right": [[0.9530370857729988, -0.023376512954985294, 50.644387571030165], [-0.022141163109338922, 1.0008438651408507, 15.334054537311431], [-6.480864960567774e-05, 1.5896550718941087e-06, 1.045517676064324]], "croping": [49, 34, 1379, 1372]}