{"homography_left": [[0.08371431096726727, 0.007489009686013499, -12.972368299549345], [0.001435077361474607, 0.07711256324923059, -1.2714430241105532], [1.0633542191249706e-05, 1.393210698519211e-06, 0.06778335650515581]], "homography_right": [[1.113123610188253, 0.09145521264134962, -147.2967524373139], [0.034596858763922184, 1.0062120363174998, -29.38240445862357], [0.00016178030921946174, 1.3292012176749091e-05, 0.8739479285947283]], "croping": [0, 19, 1294, 1303]}