{"homography_left": [[-0.057028949937731735, -0.0011114608441582525, -4.910953727177644], [0.010577674142782836, -0.06712026344462717, -8.167451761544019], [1.3766707922706312e-05, 4.5169064567647196e-07, -0.07786831326901326]], "homography_right": [[0.8700526691443586, 0.011229125346909806, 85.47710796628678], [-0.14276924001451766, 0.9982406654657521, 104.06057367511119], [-0.00018036674374236202, -2.3278599626488776e-06, 1.1315401146676078]], "croping": [91, 105, 1439, 1357]}