{"homography_left": [[0.11666445049276607, 0.0009631687157152147, -3.563543501992399], [-0.000893903530964408, 0.11879743483141413, 0.5182886972100391], [8.489737650546907e-08, 2.0450737780691692e-07, 0.11828080128526079]], "homography_right": [[1.0132702337179096, 0.007895907219118448, -15.239621474659998], [0.00550833149944667, 1.0000732847262983, -4.018763682536246], [1.8473047020955784e-05, 1.43951199273546e-07, 0.9865957612814349]], "croping": [0, 5, 1388, 1423]}