{"homography_left": [[0.05337189132334726, 0.0017544667142604246, -3.012352518004633], [-0.001539183791383394, 0.053911757347453716, 1.5485887785895045], [-9.399961026190815e-07, -2.1944845905980655e-07, 0.05509046105439464]], "homography_right": [[1.001671492939753, 0.015532359305878282, -12.386773616854498], [-0.013712880366914386, 0.9999075796586797, 9.93981650992896], [2.4884668194702392e-06, 3.858726242406169e-08, 0.998180521061036]], "croping": [10, 29, 1374, 1427]}