{"homography_left": [[0.027174900802584646, -0.00010444688132500588, -3.276127363527344], [-0.0010048444084839402, 0.0268423671790038, 0.8325290320359535], [7.919613591570487e-07, -1.6792615390367745e-07, 0.026145197590555315]], "homography_right": [[1.075278704356441, 0.054217399872402657, -83.47806306773487], [0.0070528499789357935, 1.0016259847328743, -5.956083740585882], [0.00010631591734406268, 5.3606312299230724e-06, 0.9205577986481164]], "croping": [0, 32, 1314, 1006]}