{"homography_left": [[0.06488894385027083, -0.0026063892891296037, -12.092230450256892], [0.00539125257773118, 0.05701065273742253, -4.685295947962182], [8.851113415728375e-06, -4.0584762932892944e-07, 0.04929628351994267]], "homography_right": [[1.1657689872702983, -0.012564687967413937, -112.56873933221141], [0.13514769846334246, 0.9986014558796314, -96.55112906860757], [0.0002303153682334341, -2.4823449307304012e-06, 0.8355134011345219]], "croping": [0, 85, 1274, 1009]}