{"homography_left": [[0.06057498469053029, -0.002775223808609386, -5.721577608238121], [0.0038781160356881022, 0.05736480951014392, -3.2644097540125188], [3.505768625432454e-06, -1.9314819306589463e-07, 0.05488538647258145]], "homography_right": [[1.088664241055931, -0.036810649001313436, -43.96050309956104], [0.10071991138112665, 0.9971658756397614, -70.98790903988231], [0.000123938055289804, -4.190677050945742e-06, 0.9130275657988518]], "croping": [0, 68, 1314, 1058]}